EnergyDCTDelta,EnergyIDCTDelta,EnergyFFTDelta,EnergyIFFTDelta,EnergyDWTcADelta,EnergyDWTcDDelta,EnergySTFTDelta,EnergyWVDDelta,EnergyDCTTheta,EnergyIDCTTheta,EnergyFFTTheta,EnergyIFFTTheta,EnergyDWTcATheta,EnergyDWTcDTheta,EnergySTFTTheta,EnergyWVDTheta,EnergyDCTAlphaLow,EnergyIDCTAlphaLow,EnergyFFTAlphaLow,EnergyIFFTAlphaLow,EnergyDWTcAAlphaLow,EnergyDWTcDAlphaLow,EnergySTFTAlphaLow,EnergyWVDAlphaLow,EnergyDCTAlphaHigh,EnergyIDCTAlphaHigh,EnergyFFTAlphaHigh,EnergyIFFTAlphaHigh,EnergyDWTcAAlphaHigh,EnergyDWTcDAlphaHigh,EnergySTFTAlphaHigh,EnergyWVDAlphaHigh,EnergyDCTBetaLow,EnergyIDCTBetaLow,EnergyFFTBetaLow,EnergyIFFTBetaLow,EnergyDWTcABetaLow,EnergyDWTcDBetaLow,EnergySTFTBetaLow,EnergyWVDBetaLow,EnergyDCTBetaHigh,EnergyIDCTBetaHigh,EnergyFFTBetaHigh,EnergyIFFTBetaHigh,EnergyDWTcABetaHigh,EnergyDWTcDBetaHigh,EnergySTFTBetaHigh,EnergyWVDBetaHigh,EnergyDCTGammaLow,EnergyIDCTGammaLow,EnergyFFTGammaLow,EnergyIFFTGammaLow,EnergyDWTcAGammaLow,EnergyDWTcDGammaLow,EnergySTFTGammaLow,EnergyWVDGammaLow,EnergyDCTGammaMid,EnergyIDCTGammaMid,EnergyFFTGammaMid,EnergyIFFTGammaMid,EnergyDWTcAGammaMid,EnergyDWTcDGammaMid,EnergySTFTGammaMid,EnergyWVDGammaMid,Level
4.30E+16,3.78E+16,1.89E+16,5.43E+12,1.73E+14,1.47E+14,2.457627119,7.02E+31,3.50E+17,2.99E+17,1.49E+17,4.29E+13,1.73E+15,1.08E+15,2.457627119,7.27E+32,6.75E+17,5.30E+17,2.65E+17,7.61E+13,2.82E+15,1.67E+15,2.457627119,1.40E+33,1.05E+17,9.94E+16,4.97E+16,1.43E+13,4.22E+14,4.20E+14,2.457627119,2.30E+32,2.60E+17,2.32E+17,1.16E+17,3.33E+13,9.84E+14,9.82E+14,2.457627119,6.03E+32,1.80E+17,1.66E+17,8.28E+16,2.38E+13,7.03E+14,7.00E+14,2.457627119,3.72E+32,3.37E+16,3.31E+16,1.66E+16,4.76E+12,1.41E+14,1.40E+14,2.457627119,7.20E+31,3.37E+16,3.31E+16,1.65E+16,4.75E+12,1.40E+14,1.40E+14,2.457627119,7.20E+31,1
1.35E+17,1.11E+17,5.55E+16,1.59E+13,5.52E+14,3.88E+14,2.457627119,2.20E+32,3.95E+17,3.15E+17,1.66E+17,4.77E+13,2.40E+15,6.96E+14,2.457627119,8.03E+32,3.45E+17,2.82E+17,1.49E+17,4.28E+13,1.27E+15,1.25E+15,2.457627119,7.47E+32,3.45E+17,2.82E+17,1.49E+17,4.28E+13,1.27E+15,1.26E+15,2.457627119,7.14E+32,2.19E+17,1.99E+17,9.94E+16,2.86E+13,8.51E+14,8.34E+14,2.457627119,4.53E+32,1.42E+17,1.33E+17,6.63E+16,1.90E+13,5.63E+14,5.60E+14,2.457627119,2.95E+32,1.05E+17,9.96E+16,4.98E+16,1.43E+13,4.22E+14,4.22E+14,2.457627119,2.24E+32,6.88E+16,6.64E+16,3.32E+16,9.54E+12,2.82E+14,2.81E+14,2.457627119,1.43E+32,1
7.95E+16,7.06E+16,3.53E+16,1.01E+13,3.17E+14,2.81E+14,2.457627119,1.42E+32,3.94E+17,3.32E+17,1.66E+17,4.77E+13,1.43E+15,1.39E+15,2.457627119,8.03E+32,4.34E+17,3.65E+17,1.82E+17,5.24E+13,1.84E+15,1.25E+15,2.457627119,9.31E+32,3.89E+17,3.32E+17,1.66E+17,4.76E+13,1.41E+15,1.40E+15,2.457627119,8.17E+32,2.20E+17,1.99E+17,9.94E+16,2.86E+13,1.12E+15,5.60E+14,2.457627119,4.53E+32,3.88E+17,3.31E+17,1.66E+17,4.76E+13,1.69E+15,1.12E+15,2.457627119,8.05E+32,3.01E+17,2.65E+17,1.32E+17,3.81E+13,1.41E+15,8.40E+14,2.457627119,6.25E+32,3.37E+16,3.31E+16,1.66E+16,4.76E+12,1.41E+14,1.40E+14,2.457627119,6.97E+31,1
8.04E+16,7.09E+16,3.54E+16,1.02E+13,3.24E+14,2.77E+14,2.457627119,1.43E+32,2.63E+17,2.32E+17,1.16E+17,3.33E+13,1.27E+15,6.94E+14,2.457627119,5.44E+32,5.27E+17,4.31E+17,2.15E+17,6.19E+13,2.39E+15,1.26E+15,2.457627119,1.10E+33,2.60E+17,2.32E+17,1.16E+17,3.33E+13,1.27E+15,7.00E+14,2.457627119,5.40E+32,1.80E+17,1.66E+17,8.28E+16,2.38E+13,7.03E+14,7.00E+14,2.457627119,3.74E+32,3.44E+17,2.98E+17,1.49E+17,4.29E+13,1.55E+15,9.82E+14,2.457627119,7.36E+32,3.88E+17,3.31E+17,1.66E+17,4.76E+13,1.41E+15,1.40E+15,2.457627119,8.02E+32,3.37E+16,3.31E+16,1.66E+16,4.76E+12,1.41E+14,1.40E+14,2.457627119,6.97E+31,1
4.53E+16,3.93E+16,1.97E+16,5.65E+12,1.82E+14,1.51E+14,2.457627119,7.30E+31,5.34E+17,4.15E+17,2.16E+17,6.20E+13,2.42E+15,1.24E+15,2.457627119,1.12E+33,3.45E+17,2.98E+17,1.49E+17,4.29E+13,1.27E+15,1.26E+15,2.457627119,8.17E+32,3.45E+17,2.98E+17,1.49E+17,4.29E+13,1.55E+15,9.80E+14,2.457627119,7.15E+32,2.60E+17,2.32E+17,1.16E+17,3.33E+13,9.84E+14,9.80E+14,2.457627119,5.39E+32,2.60E+17,2.32E+17,1.16E+17,3.33E+13,9.84E+14,9.81E+14,2.457627119,5.60E+32,1.05E+17,9.94E+16,4.97E+16,1.43E+13,4.22E+14,4.21E+14,2.457627119,2.23E+32,3.38E+16,3.32E+16,1.66E+16,4.76E+12,1.41E+14,1.40E+14,2.457627119,6.99E+31,1
1.90E+17,1.68E+17,8.41E+16,2.42E+13,1.01E+15,4.14E+14,2.457627119,3.75E+32,2.61E+17,2.32E+17,1.16E+17,3.34E+13,9.94E+14,9.74E+14,2.457627119,5.46E+32,1.42E+17,1.33E+17,6.63E+16,1.91E+13,5.63E+14,5.62E+14,2.457627119,2.94E+32,1.80E+17,1.66E+17,8.29E+16,2.38E+13,7.03E+14,7.02E+14,2.457627119,3.79E+32,6.87E+16,4.98E+16,3.32E+16,9.53E+12,5.62E+14,1129482546,2.457627119,1.42E+32,2.19E+17,1.99E+17,9.93E+16,2.85E+13,8.43E+14,8.40E+14,2.457627119,4.53E+32,2.59E+17,2.15E+17,1.16E+17,3.33E+13,1.26E+15,7.00E+14,2.457627119,5.39E+32,9.35E+11,5.54E+11,2.98E+11,85509034.27,4346744214,699492217.5,2.457627119,1.78E+21,1
4.06E+17,3.34E+17,1.67E+17,4.80E+13,1.77E+15,1.06E+15,2.457627119,8.07E+32,8.37E+17,6.30E+17,3.15E+17,9.05E+13,3.80E+15,1.54E+15,2.457627119,1.73E+33,1.80E+17,1.66E+17,8.29E+16,2.38E+13,7.04E+14,7.01E+14,2.457627119,3.75E+32,1.80E+17,1.66E+17,8.28E+16,2.38E+13,7.02E+14,7.01E+14,2.457627119,3.74E+32,6.87E+16,6.63E+16,3.32E+16,9.52E+12,2.81E+14,2.81E+14,2.457627119,1.49E+32,1.42E+17,1.33E+17,6.63E+16,1.90E+13,5.62E+14,5.61E+14,2.457627119,2.93E+32,6.87E+16,6.64E+16,3.32E+16,9.54E+12,2.81E+14,2.81E+14,2.457627119,1.42E+32,3.37E+16,3.31E+16,1.66E+16,4.76E+12,1.40E+14,1.40E+14,2.457627119,6.98E+31,1
3.09E+17,2.66E+17,1.33E+17,3.83E+13,1.42E+15,8.34E+14,2.457627119,6.32E+32,5.78E+17,4.64E+17,2.32E+17,6.66E+13,2.53E+15,1.40E+15,2.457627119,1.19E+33,1.80E+17,1.66E+17,8.29E+16,2.38E+13,7.04E+14,7.01E+14,2.457627119,3.73E+32,1.80E+17,1.66E+17,8.28E+16,2.38E+13,1.40E+15,2.80E+14,2.457627119,3.72E+32,1.05E+17,9.95E+16,4.99E+16,1.43E+13,8.44E+14,2.82E+14,2.457627119,2.30E+32,1.81E+17,1.66E+17,8.31E+16,2.39E+13,9.85E+14,4.23E+14,2.457627119,3.86E+32,3.40E+16,3.32E+16,1.66E+16,4.78E+12,5.62E+14,6.12E+11,2.457627119,7.21E+31,3.37E+16,3.31E+16,1.66E+16,4.76E+12,5.61E+14,93092298408,2.457627119,7.19E+31,1
5.04E+16,4.40E+16,2.20E+16,3.26E+13,4.46E+14,4.01E+14,1.211538462,4.51E+31,1.52E+16,1.46E+16,7.30E+15,1.08E+13,1.41E+14,1.40E+14,1.211538462,1.43E+31,3.14E+16,2.92E+16,1.46E+16,2.16E+13,2.81E+14,2.80E+14,1.211538462,3.07E+31,3.15E+16,2.92E+16,1.46E+16,2.16E+13,2.81E+14,2.80E+14,1.211538462,2.87E+31,1.92E+11,1.20E+11,59880799654,88581064.58,1893051444,410056235.5,1.211538462,1.49E+20,3.15E+16,2.92E+16,1.46E+16,2.16E+13,5.61E+14,678052838,1.211538462,2.87E+31,1.52E+16,1.46E+16,7.30E+15,1.08E+13,1.40E+14,1.40E+14,1.211538462,1.43E+31,1.42E+11,95465326424,47732663212,70610448.54,1382985677,452885985,1.211538462,9.49E+19,1
3.14E+17,2.68E+17,1.34E+17,3.85E+13,1.46E+15,8.13E+14,2.457627119,6.33E+32,5.79E+17,4.64E+17,2.32E+17,6.67E+13,2.81E+15,1.12E+15,2.457627119,1.19E+33,1.80E+17,1.66E+17,8.28E+16,2.38E+13,7.03E+14,7.01E+14,2.457627119,4.07E+32,1.80E+17,1.66E+17,8.28E+16,2.38E+13,9.83E+14,4.21E+14,2.457627119,3.79E+32,1.42E+17,1.33E+17,6.63E+16,1.90E+13,8.42E+14,2.81E+14,2.457627119,2.93E+32,2.60E+17,2.32E+17,1.16E+17,3.33E+13,9.84E+14,9.80E+14,2.457627119,5.50E+32,3.37E+16,3.31E+16,1.65E+16,4.75E+12,1.41E+14,1.40E+14,2.457627119,7.19E+31,3.38E+16,3.32E+16,1.66E+16,4.76E+12,1.41E+14,1.40E+14,2.457627119,6.99E+31,1
2.68E+17,2.34E+17,1.17E+17,3.36E+13,1.29E+15,6.92E+14,2.457627119,5.72E+32,2.20E+17,1.99E+17,9.95E+16,2.86E+13,8.50E+14,8.37E+14,2.457627119,4.61E+32,2.19E+17,1.99E+17,9.94E+16,2.86E+13,8.44E+14,8.42E+14,2.457627119,4.54E+32,6.87E+16,6.63E+16,3.31E+16,9.52E+12,2.81E+14,2.80E+14,2.457627119,1.44E+32,1.42E+17,1.32E+17,6.62E+16,1.90E+13,5.61E+14,5.61E+14,2.457627119,2.95E+32,6.87E+16,4.97E+16,3.32E+16,9.53E+12,2.81E+14,2.81E+14,2.457627119,1.49E+32,1.42E+17,1.16E+17,6.62E+16,1.90E+13,5.62E+14,5.61E+14,2.457627119,3.00E+32,7.67E+11,4.98E+11,2.65E+11,76265763.27,3082127725,1421019353,2.457627119,2.32E+21,1
1.89E+17,1.68E+17,8.41E+16,2.42E+13,7.27E+14,6.98E+14,2.457627119,3.73E+32,4.83E+17,3.98E+17,1.99E+17,5.72E+13,1.98E+15,1.40E+15,2.457627119,9.99E+32,3.02E+17,2.65E+17,1.33E+17,3.81E+13,1.13E+15,1.12E+15,2.457627119,6.38E+32,3.02E+17,2.65E+17,1.33E+17,3.81E+13,1.41E+15,8.40E+14,2.457627119,6.24E+32,1.42E+17,1.33E+17,6.63E+16,1.90E+13,5.63E+14,5.60E+14,2.457627119,2.93E+32,6.86E+16,6.63E+16,3.31E+16,9.52E+12,2.82E+14,2.79E+14,2.457627119,1.42E+32,2.07E+12,1.39E+12,6.95E+11,199674800.6,9365504809,2429273595,2.457627119,2.12E+22,6.85E+16,6.62E+16,3.31E+16,9.52E+12,2.81E+14,2.80E+14,2.457627119,1.49E+32,1
2.32E+17,2.03E+17,1.01E+17,2.91E+13,8.98E+14,8.24E+14,2.457627119,4.56E+32,2.62E+17,2.32E+17,1.16E+17,3.33E+13,9.93E+14,9.73E+14,2.457627119,5.44E+32,6.87E+16,6.62E+16,3.31E+16,9.51E+12,2.81E+14,2.80E+14,2.457627119,1.42E+32,3.01E+17,2.65E+17,1.32E+17,3.81E+13,1.12E+15,1.12E+15,2.457627119,6.23E+32,1.42E+17,1.33E+17,6.63E+16,1.90E+13,5.62E+14,5.61E+14,2.457627119,2.95E+32,7.79E+17,5.96E+17,2.98E+17,8.57E+13,3.79E+15,1.54E+15,2.457627119,1.62E+33,2.60E+17,2.32E+17,1.16E+17,3.33E+13,1.54E+15,4.20E+14,2.457627119,5.50E+32,6.85E+16,6.62E+16,3.31E+16,9.51E+12,5.61E+14,905214386.5,2.457627119,1.41E+32,1
2.76E+17,2.36E+17,1.18E+17,3.38E+13,1.44E+15,8.34E+14,2.457627119,5.41E+32,8.41E+17,6.30E+17,3.15E+17,9.05E+13,4.27E+15,1.35E+15,2.457627119,1.75E+33,1.80E+17,1.66E+17,8.28E+16,2.38E+13,7.06E+14,6.98E+14,2.457627119,3.72E+32,2.19E+17,1.99E+17,9.94E+16,2.86E+13,1.13E+15,5.57E+14,2.457627119,4.60E+32,3.44E+17,2.98E+17,1.49E+17,4.28E+13,1.83E+15,7.01E+14,2.457627119,7.14E+32,5.26E+17,4.30E+17,2.15E+17,6.18E+13,2.11E+15,1.54E+15,2.457627119,1.09E+33,2.60E+17,2.32E+17,1.16E+17,3.33E+13,9.84E+14,9.81E+14,2.457627119,5.39E+32,1.95E+12,1.45E+12,7.23E+11,207603653.4,7973179752,4279172290,2.457627119,4.94E+22,1
1.55E+17,1.37E+17,6.84E+16,1.96E+13,6.06E+14,5.53E+14,2.457627119,2.97E+32,4.82E+17,3.98E+17,1.99E+17,5.72E+13,2.14E+15,1.52E+15,2.457627119,9.95E+32,6.24E+17,4.97E+17,2.49E+17,7.14E+13,2.39E+15,1.82E+15,2.457627119,1.29E+33,1.80E+17,1.66E+17,8.28E+16,2.38E+13,7.05E+14,7.00E+14,2.457627119,3.72E+32,4.33E+17,3.64E+17,1.82E+17,5.23E+13,1.83E+15,1.26E+15,2.457627119,8.97E+32,5.75E+17,4.64E+17,2.32E+17,6.66E+13,2.95E+15,1.26E+15,2.457627119,1.19E+33,2.19E+17,1.99E+17,9.94E+16,2.86E+13,1.12E+15,5.61E+14,2.457627119,4.56E+32,1.17E+12,7.30E+11,3.65E+11,104904224.6,4880062075,1482157083,2.457627119,2.53E+21,1
1.54E+17,1.36E+17,6.80E+16,1.95E+13,5.98E+14,5.55E+14,2.457627119,2.96E+32,6.81E+17,5.31E+17,2.65E+17,7.62E+13,2.84E+15,1.66E+15,2.457627119,1.40E+33,2.60E+17,2.32E+17,1.16E+17,3.33E+13,9.86E+14,9.79E+14,2.457627119,5.37E+32,1.80E+17,1.66E+17,8.28E+16,2.38E+13,7.03E+14,7.01E+14,2.457627119,3.72E+32,3.88E+17,3.31E+17,1.66E+17,4.76E+13,1.69E+15,1.12E+15,2.457627119,8.02E+32,5.26E+17,4.31E+17,2.15E+17,6.19E+13,2.39E+15,1.26E+15,2.457627119,1.09E+33,3.44E+17,2.98E+17,1.49E+17,4.28E+13,1.55E+15,9.81E+14,2.457627119,7.26E+32,3.38E+16,3.32E+16,1.66E+16,4.77E+12,1.41E+14,1.41E+14,2.457627119,7.24E+31,1
1.45E+17,1.25E+17,6.26E+16,2.15E+13,6.47E+14,5.13E+14,2.37654321,2.48E+32,3.67E+17,3.04E+17,1.52E+17,5.22E+13,1.99E+15,8.27E+14,2.37654321,6.86E+32,1.31E+17,1.21E+17,6.07E+16,2.08E+13,5.62E+14,5.61E+14,2.37654321,2.64E+32,1.31E+17,1.21E+17,6.07E+16,2.08E+13,5.63E+14,5.61E+14,2.37654321,2.47E+32,2.03E+17,1.67E+17,9.11E+16,3.12E+13,1.13E+15,5.61E+14,2.37654321,3.88E+32,5.37E+17,4.25E+17,2.12E+17,7.28E+13,2.53E+15,1.40E+15,2.37654321,1.02E+33,2.41E+17,2.12E+17,1.06E+17,3.64E+13,1.27E+15,7.01E+14,2.37654321,4.64E+32,1.31E+17,1.21E+17,6.07E+16,2.08E+13,8.44E+14,2.80E+14,2.37654321,2.47E+32,1
2.75E+17,2.35E+17,1.17E+17,3.37E+13,1.31E+15,6.84E+14,2.457627119,5.39E+32,4.37E+17,3.65E+17,1.82E+17,5.24E+13,1.84E+15,1.25E+15,2.457627119,9.10E+32,2.61E+17,2.32E+17,1.16E+17,3.34E+13,1.43E+15,8.18E+14,2.457627119,5.38E+32,3.45E+17,2.98E+17,1.49E+17,4.28E+13,1.98E+15,8.25E+14,2.457627119,7.18E+32,3.88E+17,3.31E+17,1.66E+17,4.76E+13,1.97E+15,8.40E+14,2.457627119,8.05E+32,3.88E+17,3.31E+17,1.66E+17,4.76E+13,1.97E+15,8.41E+14,2.457627119,8.05E+32,1.05E+17,9.94E+16,4.97E+16,1.43E+13,4.22E+14,4.20E+14,2.457627119,2.16E+32,3.37E+16,3.31E+16,1.66E+16,4.76E+12,1.41E+14,1.40E+14,2.457627119,6.96E+31,1
2.81E+17,2.37E+17,1.18E+17,3.40E+13,1.31E+15,6.97E+14,2.457627119,5.48E+32,6.81E+17,5.30E+17,2.65E+17,7.62E+13,3.26E+15,1.51E+15,2.457627119,1.40E+33,5.75E+17,4.64E+17,2.32E+17,6.66E+13,2.67E+15,1.54E+15,2.457627119,1.21E+33,2.20E+17,1.99E+17,9.94E+16,2.86E+13,1.27E+15,7.00E+14,2.457627119,4.61E+32,2.19E+17,1.99E+17,9.94E+16,2.86E+13,1.13E+15,5.59E+14,2.457627119,4.56E+32,5.75E+17,4.64E+17,2.32E+17,6.66E+13,3.09E+15,8.39E+14,2.457627119,1.19E+33,2.60E+17,2.32E+17,1.16E+17,3.33E+13,1.26E+15,7.01E+14,2.457627119,5.51E+32,3.37E+16,3.31E+16,1.65E+16,4.75E+12,1.40E+14,1.40E+14,2.457627119,7.20E+31,1
1.19E+17,1.05E+17,5.23E+16,1.50E+13,5.04E+14,3.82E+14,2.457627119,2.18E+32,5.83E+17,4.65E+17,2.32E+17,6.68E+13,2.83E+15,1.11E+15,2.457627119,1.19E+33,1.42E+17,1.33E+17,6.63E+16,1.90E+13,5.63E+14,5.61E+14,2.457627119,2.95E+32,3.02E+17,2.65E+17,1.32E+17,3.81E+13,1.41E+15,8.39E+14,2.457627119,6.23E+32,1.80E+17,1.66E+17,8.29E+16,2.38E+13,7.06E+14,6.99E+14,2.457627119,3.79E+32,5.76E+17,4.64E+17,2.32E+17,6.66E+13,2.81E+15,1.12E+15,2.457627119,1.19E+33,4.80E+17,3.98E+17,1.99E+17,5.71E+13,2.25E+15,1.12E+15,2.457627119,1.04E+33,3.38E+16,3.32E+16,1.66E+16,4.77E+12,1.41E+14,1.40E+14,2.457627119,7.23E+31,1
1.86E+17,1.67E+17,8.36E+16,2.40E+13,7.30E+14,6.87E+14,2.457627119,3.73E+32,4.35E+17,3.65E+17,1.82E+17,5.24E+13,2.27E+15,1.10E+15,2.457627119,8.97E+32,3.38E+16,3.32E+16,1.66E+16,4.77E+12,1.41E+14,1.40E+14,2.457627119,6.98E+31,6.86E+16,6.62E+16,3.31E+16,9.51E+12,2.81E+14,2.80E+14,2.457627119,1.49E+32,1.42E+17,1.33E+17,6.63E+16,1.90E+13,9.84E+14,4.20E+14,2.457627119,3.00E+32,3.01E+17,2.65E+17,1.32E+17,3.80E+13,1.54E+15,9.80E+14,2.457627119,6.45E+32,1.42E+17,1.32E+17,6.62E+16,1.90E+13,5.63E+14,5.60E+14,2.457627119,3.00E+32,1.12E+12,8.57E+11,4.28E+11,123058564.2,4467983035,2865762973,2.457627119,2.31E+22,1
4.90E+17,3.99E+17,1.99E+17,5.73E+13,1.74E+15,1.64E+15,2.457627119,1.03E+33,4.80E+17,3.98E+17,1.99E+17,5.71E+13,1.97E+15,1.40E+15,2.457627119,9.90E+32,2.60E+17,2.32E+17,1.16E+17,3.33E+13,1.26E+15,7.01E+14,2.457627119,5.37E+32,1.80E+17,1.66E+17,8.29E+16,2.38E+13,7.04E+14,7.01E+14,2.457627119,3.72E+32,3.38E+16,3.32E+16,1.66E+16,4.76E+12,1.41E+14,1.40E+14,2.457627119,6.97E+31,1.80E+17,1.66E+17,8.28E+16,2.38E+13,9.83E+14,4.20E+14,2.457627119,3.74E+32,6.86E+16,6.63E+16,3.31E+16,9.52E+12,2.88E+14,2.73E+14,2.457627119,1.42E+32,6.88E+16,6.64E+16,3.32E+16,9.54E+12,2.82E+14,2.81E+14,2.457627119,1.45E+32,1
1.17E+17,1.05E+17,5.23E+16,1.50E+13,4.91E+14,3.96E+14,2.457627119,2.18E+32,3.92E+17,3.32E+17,1.66E+17,4.77E+13,1.69E+15,1.12E+15,2.457627119,8.10E+32,4.34E+17,3.65E+17,1.82E+17,5.24E+13,1.83E+15,1.26E+15,2.457627119,9.03E+32,1.80E+17,1.66E+17,8.28E+16,2.38E+13,7.03E+14,7.01E+14,2.457627119,3.72E+32,3.02E+17,2.65E+17,1.33E+17,3.81E+13,1.55E+15,9.78E+14,2.457627119,6.25E+32,3.89E+17,3.31E+17,1.66E+17,4.76E+13,2.67E+15,4.20E+14,2.457627119,8.01E+32,2.60E+17,2.32E+17,1.16E+17,3.33E+13,9.85E+14,9.81E+14,2.457627119,5.44E+32,6.85E+16,6.62E+16,3.31E+16,9.51E+12,2.81E+14,2.80E+14,2.457627119,1.48E+32,1
1.97E+17,1.71E+17,8.54E+16,2.45E+13,1.03E+15,4.15E+14,2.457627119,3.77E+32,3.91E+17,3.31E+17,1.66E+17,4.76E+13,1.41E+15,1.40E+15,2.457627119,8.10E+32,3.45E+17,2.98E+17,1.49E+17,4.28E+13,1.55E+15,9.79E+14,2.457627119,7.35E+32,4.79E+17,3.98E+17,1.99E+17,5.71E+13,2.39E+15,1.26E+15,2.457627119,1.01E+33,4.79E+17,3.98E+17,1.99E+17,5.71E+13,2.25E+15,1.12E+15,2.457627119,9.93E+32,2.19E+17,1.99E+17,9.94E+16,2.86E+13,1.26E+15,7.01E+14,2.457627119,4.60E+32,1.04E+17,9.93E+16,4.96E+16,1.43E+13,8.42E+14,2.80E+14,2.457627119,2.18E+32,5.11E+11,3.35E+11,1.67E+11,48100438.93,2447525199,600418762.5,2.457627119,7.02E+20,1
1.45E+17,1.31E+17,6.57E+16,1.95E+13,5.94E+14,5.39E+14,2.543103448,2.89E+32,6.20E+17,4.89E+17,2.44E+17,7.27E+13,2.42E+15,1.80E+15,2.543103448,1.25E+33,2.97E+17,2.61E+17,1.30E+17,3.87E+13,1.40E+15,8.41E+14,2.543103448,6.22E+32,2.16E+17,1.96E+17,9.78E+16,2.91E+13,8.44E+14,8.42E+14,2.543103448,4.44E+32,1.77E+17,1.46E+17,8.14E+16,2.42E+13,7.02E+14,7.01E+14,2.543103448,3.61E+32,2.56E+17,2.12E+17,1.14E+17,3.39E+13,9.84E+14,9.82E+14,2.543103448,5.22E+32,1.39E+17,1.30E+17,6.51E+16,1.94E+13,5.62E+14,5.61E+14,2.543103448,2.83E+32,3.31E+16,3.25E+16,1.63E+16,4.83E+12,1.40E+14,1.40E+14,2.543103448,6.84E+31,1
4.44E+17,3.66E+17,1.83E+17,5.25E+13,1.86E+15,1.24E+15,2.457627119,9.20E+32,5.29E+17,4.31E+17,2.15E+17,6.19E+13,2.40E+15,1.25E+15,2.457627119,1.10E+33,2.19E+17,1.99E+17,9.94E+16,2.86E+13,8.44E+14,8.41E+14,2.457627119,4.61E+32,1.80E+17,1.66E+17,8.28E+16,2.38E+13,7.02E+14,7.02E+14,2.457627119,3.72E+32,1.42E+17,1.33E+17,6.63E+16,1.90E+13,5.63E+14,5.61E+14,2.457627119,3.17E+32,3.38E+16,3.31E+16,1.66E+16,4.76E+12,1.41E+14,1.40E+14,2.457627119,7.22E+31,6.86E+16,6.63E+16,3.31E+16,9.52E+12,2.81E+14,2.80E+14,2.457627119,1.42E+32,4.89E+11,3.31E+11,1.66E+11,47560181.37,2028862281,783860309,2.457627119,7.54E+20,1
2.28E+17,2.01E+17,1.00E+17,2.89E+13,8.74E+14,8.29E+14,2.457627119,4.62E+32,4.81E+17,3.98E+17,1.99E+17,5.71E+13,2.53E+15,8.41E+14,2.457627119,9.94E+32,1.05E+17,9.95E+16,4.97E+16,1.43E+13,8.45E+14,2.79E+14,2.457627119,2.17E+32,1.05E+17,9.94E+16,4.97E+16,1.43E+13,4.22E+14,4.21E+14,2.457627119,2.30E+32,1.42E+17,1.33E+17,6.63E+16,1.90E+13,9.84E+14,4.21E+14,2.457627119,2.93E+32,1.42E+17,1.32E+17,6.62E+16,1.90E+13,5.62E+14,5.60E+14,2.457627119,2.99E+32,2.07E+12,1.23E+12,6.17E+11,177193722.8,9164126548,1498672322,2.457627119,5.64E+21,6.06E+11,3.79E+11,1.89E+11,54404081.27,2630550227,646629004.5,2.457627119,7.77E+20,1
2.26E+17,2.00E+17,1.00E+17,2.87E+13,1.19E+15,5.05E+14,2.457627119,4.54E+32,3.03E+17,2.65E+17,1.32E+17,3.81E+13,1.84E+15,6.90E+14,2.457627119,6.23E+32,6.86E+16,6.63E+16,3.31E+16,9.52E+12,2.81E+14,2.80E+14,2.457627119,1.44E+32,1.05E+17,9.94E+16,4.97E+16,1.43E+13,4.22E+14,4.21E+14,2.457627119,2.16E+32,1.04E+17,9.93E+16,4.97E+16,1.43E+13,4.21E+14,4.20E+14,2.457627119,2.16E+32,1.42E+17,1.32E+17,6.62E+16,1.90E+13,8.42E+14,2.81E+14,2.457627119,2.93E+32,1.30E+12,7.97E+11,3.99E+11,114489990.9,5368391094,1402767332,2.457627119,2.41E+21,4.21E+11,2.70E+11,1.35E+11,38832731.39,1799111978,492207530,2.457627119,4.05E+20,1
2.34E+17,2.03E+17,1.01E+17,2.91E+13,9.22E+14,7.96E+14,2.457627119,4.56E+32,5.31E+17,4.31E+17,2.16E+17,6.20E+13,2.42E+15,1.23E+15,2.457627119,1.09E+33,2.19E+17,1.99E+17,9.94E+16,2.85E+13,1.26E+15,7.01E+14,2.457627119,4.77E+32,3.44E+17,2.98E+17,1.49E+17,4.28E+13,1.97E+15,8.42E+14,2.457627119,7.26E+32,2.19E+17,1.99E+17,9.95E+16,2.86E+13,1.27E+15,7.02E+14,2.457627119,4.54E+32,2.19E+17,1.99E+17,9.94E+16,2.86E+13,8.44E+14,8.41E+14,2.457627119,4.54E+32,1.05E+17,9.94E+16,4.97E+16,1.43E+13,4.23E+14,4.20E+14,2.457627119,2.30E+32,6.87E+16,6.64E+16,3.32E+16,9.54E+12,2.82E+14,2.81E+14,2.457627119,1.43E+32,1
1.50E+17,1.35E+17,6.75E+16,1.94E+13,6.14E+14,5.31E+14,2.457627119,2.94E+32,3.91E+17,3.32E+17,1.66E+17,4.76E+13,1.42E+15,1.39E+15,2.457627119,8.17E+32,1.05E+17,9.95E+16,4.97E+16,1.43E+13,8.43E+14,2.81E+14,2.457627119,2.19E+32,2.60E+17,2.32E+17,1.16E+17,3.33E+13,9.85E+14,9.80E+14,2.457627119,5.39E+32,2.19E+17,1.99E+17,9.94E+16,2.86E+13,8.44E+14,8.41E+14,2.457627119,4.56E+32,3.01E+17,2.65E+17,1.32E+17,3.81E+13,1.55E+15,9.79E+14,2.457627119,6.30E+32,3.37E+16,3.31E+16,1.66E+16,4.76E+12,1.41E+14,1.40E+14,2.457627119,7.20E+31,6.75E+11,4.11E+11,2.05E+11,59022786.42,3074908058,436997310,2.457627119,6.33E+20,1
2.67E+17,2.30E+17,1.15E+17,3.42E+13,1.31E+15,6.71E+14,2.543103448,5.23E+32,4.29E+17,3.59E+17,1.79E+17,5.33E+13,1.56E+15,1.53E+15,2.543103448,8.97E+32,2.97E+17,2.60E+17,1.30E+17,3.87E+13,1.13E+15,1.12E+15,2.543103448,6.21E+32,2.56E+17,2.28E+17,1.14E+17,3.39E+13,9.84E+14,9.81E+14,2.543103448,5.30E+32,2.16E+17,1.95E+17,9.77E+16,2.90E+13,8.44E+14,8.41E+14,2.543103448,4.44E+32,2.56E+17,2.28E+17,1.14E+17,3.39E+13,1.26E+15,7.01E+14,2.543103448,5.21E+32,1.39E+17,1.30E+17,6.51E+16,1.94E+13,5.62E+14,5.61E+14,2.543103448,2.83E+32,3.97E+11,2.65E+11,1.33E+11,39434788.09,1915133530,372084179.5,2.543103448,4.10E+20,1
3.11E+17,2.67E+17,1.34E+17,3.84E+13,1.19E+15,1.07E+15,2.457627119,6.48E+32,3.89E+17,3.32E+17,1.66E+17,4.76E+13,1.97E+15,8.40E+14,2.457627119,8.27E+32,3.01E+17,2.65E+17,1.33E+17,3.81E+13,2.39E+15,1.40E+14,2.457627119,6.31E+32,2.19E+17,1.99E+17,9.94E+16,2.85E+13,1.55E+15,4.20E+14,2.457627119,4.53E+32,6.86E+16,6.63E+16,3.31E+16,9.52E+12,2.82E+14,2.80E+14,2.457627119,1.49E+32,3.38E+16,3.32E+16,1.66E+16,4.76E+12,5.62E+14,1288235359,2.457627119,7.22E+31,6.85E+16,6.62E+16,3.31E+16,9.51E+12,5.61E+14,888977621,2.457627119,1.42E+32,4.11E+11,2.80E+11,1.40E+11,40286552.68,2271799487,198790162.5,2.457627119,6.67E+20,1
1.11E+17,1.01E+17,5.03E+16,1.49E+13,4.49E+14,4.18E+14,2.543103448,2.21E+32,5.72E+17,4.57E+17,2.28E+17,6.79E+13,3.11E+15,8.25E+14,2.543103448,1.16E+33,1.77E+17,1.63E+17,8.14E+16,2.42E+13,7.03E+14,7.01E+14,2.543103448,3.61E+32,2.56E+17,2.28E+17,1.14E+17,3.39E+13,9.85E+14,9.80E+14,2.543103448,5.21E+32,2.56E+17,2.28E+17,1.14E+17,3.39E+13,9.85E+14,9.81E+14,2.543103448,5.21E+32,2.56E+17,2.28E+17,1.14E+17,3.39E+13,9.85E+14,9.80E+14,2.543103448,5.21E+32,3.32E+16,3.26E+16,1.63E+16,4.84E+12,1.41E+14,1.40E+14,2.543103448,6.87E+31,3.32E+16,3.26E+16,1.63E+16,4.84E+12,1.41E+14,1.40E+14,2.543103448,6.86E+31,1
1.10E+17,1.00E+17,5.00E+16,1.49E+13,4.53E+14,4.09E+14,2.543103448,2.11E+32,2.99E+17,2.61E+17,1.30E+17,3.87E+13,1.13E+15,1.11E+15,2.543103448,6.08E+32,2.97E+17,2.61E+17,1.30E+17,3.87E+13,1.13E+15,1.12E+15,2.543103448,6.08E+32,2.16E+17,1.95E+17,9.77E+16,2.90E+13,8.45E+14,8.39E+14,2.543103448,4.43E+32,2.97E+17,2.60E+17,1.30E+17,3.87E+13,1.13E+15,1.12E+15,2.543103448,6.21E+32,2.56E+17,2.28E+17,1.14E+17,3.39E+13,9.85E+14,9.80E+14,2.543103448,5.30E+32,1.39E+17,1.30E+17,6.51E+16,1.94E+13,5.62E+14,5.61E+14,2.543103448,3.02E+32,6.75E+16,6.52E+16,3.26E+16,9.69E+12,2.81E+14,2.81E+14,2.543103448,1.37E+32,1
1.92E+17,1.69E+17,8.45E+16,2.43E+13,1.05E+15,3.79E+14,2.457627119,3.76E+32,5.30E+17,4.31E+17,2.16E+17,6.19E+13,2.54E+15,1.39E+15,2.457627119,1.10E+33,2.19E+17,1.99E+17,9.94E+16,2.86E+13,8.45E+14,8.40E+14,2.457627119,4.61E+32,3.02E+17,2.65E+17,1.33E+17,3.81E+13,1.41E+15,8.41E+14,2.457627119,6.26E+32,1.42E+17,1.33E+17,6.63E+16,1.90E+13,5.64E+14,5.60E+14,2.457627119,3.16E+32,1.42E+17,1.32E+17,6.62E+16,1.90E+13,5.62E+14,5.60E+14,2.457627119,2.93E+32,1.04E+17,9.93E+16,4.96E+16,1.43E+13,4.21E+14,4.20E+14,2.457627119,2.16E+32,3.38E+16,3.32E+16,1.66E+16,4.77E+12,1.41E+14,1.41E+14,2.457627119,7.25E+31,1
1.21E+17,1.05E+17,5.27E+16,1.51E+13,4.67E+14,4.28E+14,2.457627119,2.20E+32,3.48E+17,2.98E+17,1.49E+17,4.29E+13,1.57E+15,9.62E+14,2.457627119,7.14E+32,4.80E+17,3.81E+17,1.99E+17,5.71E+13,1.98E+15,1.39E+15,2.457627119,9.99E+32,5.28E+17,4.31E+17,2.16E+17,6.19E+13,2.96E+15,6.95E+14,2.457627119,1.09E+33,1.83E+17,1.50E+17,8.32E+16,2.39E+13,7.14E+14,6.98E+14,2.457627119,3.73E+32,2.61E+17,2.16E+17,1.16E+17,3.34E+13,9.89E+14,9.79E+14,2.457627119,5.52E+32,1.05E+17,9.94E+16,4.97E+16,1.43E+13,7.03E+14,1.40E+14,2.457627119,2.16E+32,1.42E+17,1.33E+17,6.63E+16,1.90E+13,8.43E+14,2.81E+14,2.457627119,3.00E+32,1
3.60E+17,3.02E+17,1.51E+17,4.34E+13,1.59E+15,9.73E+14,2.457627119,7.22E+32,4.81E+17,3.98E+17,1.99E+17,5.71E+13,1.98E+15,1.40E+15,2.457627119,1.04E+33,1.42E+17,1.33E+17,6.63E+16,1.91E+13,5.63E+14,5.61E+14,2.457627119,2.94E+32,1.05E+17,9.94E+16,4.97E+16,1.43E+13,4.22E+14,4.21E+14,2.457627119,2.16E+32,2.19E+17,1.99E+17,9.93E+16,2.85E+13,8.43E+14,8.40E+14,2.457627119,4.53E+32,1.80E+17,1.66E+17,8.28E+16,2.38E+13,7.02E+14,7.01E+14,2.457627119,3.72E+32,1.80E+17,1.66E+17,8.28E+16,2.38E+13,7.02E+14,7.01E+14,2.457627119,3.71E+32,7.62E+11,5.02E+11,2.51E+11,72165818.69,4380152591,844840712.5,2.457627119,1.95E+21,1
4.96E+17,4.00E+17,2.00E+17,5.75E+13,2.29E+15,1.10E+15,2.457627119,1.03E+33,3.47E+17,2.98E+17,1.49E+17,4.29E+13,1.84E+15,6.87E+14,2.457627119,7.14E+32,1.80E+17,1.66E+17,8.28E+16,2.38E+13,7.03E+14,7.01E+14,2.457627119,3.74E+32,1.42E+17,1.33E+17,6.63E+16,1.90E+13,5.62E+14,5.61E+14,2.457627119,3.00E+32,6.87E+16,6.63E+16,3.31E+16,9.52E+12,2.81E+14,2.81E+14,2.457627119,1.49E+32,1.05E+17,9.94E+16,4.97E+16,1.43E+13,4.22E+14,4.21E+14,2.457627119,2.19E+32,1.05E+17,9.94E+16,4.97E+16,1.43E+13,7.02E+14,1.40E+14,2.457627119,2.18E+32,3.38E+16,3.31E+16,1.66E+16,4.76E+12,1.40E+14,1.40E+14,2.457627119,7.21E+31,1
2.26E+17,2.00E+17,1.00E+17,2.88E+13,8.57E+14,8.40E+14,2.457627119,4.56E+32,4.81E+17,3.98E+17,1.99E+17,5.71E+13,1.70E+15,1.67E+15,2.457627119,9.99E+32,2.19E+17,1.99E+17,9.94E+16,2.86E+13,8.46E+14,8.39E+14,2.457627119,4.56E+32,1.05E+17,9.95E+16,4.97E+16,1.43E+13,4.22E+14,4.21E+14,2.457627119,2.24E+32,1.80E+17,1.66E+17,8.28E+16,2.38E+13,7.03E+14,7.01E+14,2.457627119,3.86E+32,2.19E+17,1.99E+17,9.94E+16,2.85E+13,8.44E+14,8.40E+14,2.457627119,4.53E+32,3.37E+16,3.31E+16,1.66E+16,4.75E+12,1.40E+14,1.40E+14,2.457627119,6.96E+31,3.38E+16,3.32E+16,1.66E+16,4.77E+12,1.41E+14,1.41E+14,2.457627119,7.25E+31,1
1.89E+17,1.68E+17,8.39E+16,2.41E+13,7.84E+14,6.38E+14,2.457627119,3.80E+32,9.47E+17,6.96E+17,3.48E+17,1.00E+14,4.09E+15,1.81E+15,2.457627119,1.98E+33,2.20E+17,1.99E+17,9.95E+16,2.86E+13,8.45E+14,8.42E+14,2.457627119,4.61E+32,1.80E+17,1.66E+17,8.28E+16,2.38E+13,7.02E+14,7.01E+14,2.457627119,3.74E+32,1.42E+17,1.32E+17,6.62E+16,1.90E+13,5.62E+14,5.60E+14,2.457627119,2.95E+32,3.44E+17,2.81E+17,1.49E+17,4.28E+13,1.26E+15,1.26E+15,2.457627119,7.11E+32,1.80E+17,1.49E+17,8.29E+16,2.38E+13,9.84E+14,4.21E+14,2.457627119,3.87E+32,5.52E+11,3.60E+11,1.80E+11,51775191.73,2331679208,769106900,2.457627119,1.10E+21,1
1.10E+17,1.01E+17,5.03E+16,1.45E+13,4.42E+14,4.11E+14,2.457627119,2.17E+32,5.29E+17,4.31E+17,2.15E+17,6.19E+13,2.11E+15,1.54E+15,2.457627119,1.14E+33,5.26E+17,4.31E+17,2.15E+17,6.19E+13,2.11E+15,1.54E+15,2.457627119,1.09E+33,4.79E+17,3.97E+17,1.99E+17,5.71E+13,1.97E+15,1.40E+15,2.457627119,1.00E+33,1.80E+17,1.65E+17,8.27E+16,2.38E+13,7.02E+14,7.00E+14,2.457627119,3.85E+32,1.80E+17,1.66E+17,8.28E+16,2.38E+13,7.02E+14,7.01E+14,2.457627119,3.74E+32,1.80E+17,1.66E+17,8.28E+16,2.38E+13,7.02E+14,7.01E+14,2.457627119,3.74E+32,6.86E+16,6.63E+16,3.32E+16,9.52E+12,2.81E+14,2.81E+14,2.457627119,1.42E+32,2
2.74E+17,2.19E+17,1.18E+17,3.38E+13,1.29E+15,7.02E+14,2.457627119,5.42E+32,4.81E+17,3.98E+17,1.99E+17,5.71E+13,1.70E+15,1.67E+15,2.457627119,9.94E+32,3.01E+17,2.48E+17,1.32E+17,3.81E+13,1.12E+15,1.12E+15,2.457627119,6.30E+32,3.44E+17,2.98E+17,1.49E+17,4.28E+13,1.26E+15,1.26E+15,2.457627119,7.25E+32,3.37E+16,3.31E+16,1.65E+16,4.75E+12,1.40E+14,1.40E+14,2.457627119,7.19E+31,2.60E+17,2.32E+17,1.16E+17,3.33E+13,9.84E+14,9.80E+14,2.457627119,5.39E+32,2.19E+17,1.99E+17,9.93E+16,2.85E+13,8.43E+14,8.40E+14,2.457627119,4.60E+32,1.18E+12,7.31E+11,3.66E+11,105011212.5,5018495802,1206110136,2.457627119,2.49E+21,2
1.15E+17,8.62E+16,5.14E+16,1.48E+13,4.57E+14,4.14E+14,2.457627119,2.20E+32,6.28E+17,4.97E+17,2.49E+17,7.14E+13,3.10E+15,1.39E+15,2.457627119,1.29E+33,3.44E+17,2.98E+17,1.49E+17,4.29E+13,1.55E+15,9.81E+14,2.457627119,7.15E+32,3.01E+17,2.48E+17,1.32E+17,3.80E+13,1.68E+15,5.60E+14,2.457627119,6.24E+32,2.19E+17,1.99E+17,9.94E+16,2.85E+13,8.45E+14,8.39E+14,2.457627119,4.53E+32,3.44E+17,2.98E+17,1.49E+17,4.28E+13,1.27E+15,1.26E+15,2.457627119,7.14E+32,5.27E+17,4.31E+17,2.16E+17,6.19E+13,2.39E+15,1.26E+15,2.457627119,1.09E+33,6.85E+16,6.62E+16,3.31E+16,9.51E+12,2.81E+14,2.80E+14,2.457627119,1.42E+32,2
3.06E+17,2.66E+17,1.33E+17,3.81E+13,1.14E+15,1.11E+15,2.457627119,6.24E+32,8.34E+17,6.29E+17,3.15E+17,9.04E+13,3.24E+15,2.09E+15,2.457627119,1.73E+33,3.88E+17,3.31E+17,1.66E+17,4.76E+13,1.41E+15,1.40E+15,2.457627119,8.05E+32,1.42E+17,1.33E+17,6.63E+16,1.90E+13,5.62E+14,5.61E+14,2.457627119,2.95E+32,3.38E+16,3.31E+16,1.66E+16,4.76E+12,1.40E+14,1.40E+14,2.457627119,6.98E+31,2.19E+17,1.99E+17,9.93E+16,2.85E+13,8.43E+14,8.40E+14,2.457627119,4.55E+32,1.42E+17,1.32E+17,6.62E+16,1.90E+13,5.62E+14,5.61E+14,2.457627119,2.93E+32,6.85E+16,6.62E+16,3.31E+16,9.51E+12,2.81E+14,2.81E+14,2.457627119,1.42E+32,2
3.15E+17,2.68E+17,1.34E+17,3.85E+13,1.18E+15,1.09E+15,2.457627119,6.26E+32,5.29E+17,4.31E+17,2.15E+17,6.19E+13,2.54E+15,1.39E+15,2.457627119,1.09E+33,2.19E+17,1.99E+17,9.94E+16,2.86E+13,1.13E+15,5.60E+14,2.457627119,4.61E+32,1.42E+17,1.33E+17,6.63E+16,1.90E+13,8.42E+14,2.81E+14,2.457627119,2.95E+32,1.42E+17,1.33E+17,6.63E+16,1.90E+13,8.43E+14,2.81E+14,2.457627119,2.93E+32,1.80E+17,1.66E+17,8.28E+16,2.38E+13,7.04E+14,7.00E+14,2.457627119,3.74E+32,7.79E+17,5.96E+17,2.98E+17,8.56E+13,3.37E+15,1.68E+15,2.457627119,1.62E+33,6.85E+16,6.62E+16,3.31E+16,9.51E+12,5.61E+14,2960247729,2.457627119,1.42E+32,2
4.18E+16,3.73E+16,1.87E+16,5.36E+12,1.68E+14,1.49E+14,2.457627119,7.01E+31,3.92E+17,3.32E+17,1.66E+17,4.77E+13,1.71E+15,1.10E+15,2.457627119,8.38E+32,3.44E+17,2.98E+17,1.49E+17,4.28E+13,2.53E+15,2.79E+14,2.457627119,7.12E+32,1.42E+17,1.32E+17,6.62E+16,1.90E+13,9.82E+14,4.21E+14,2.457627119,3.16E+32,2.19E+17,1.99E+17,9.94E+16,2.85E+13,8.43E+14,8.41E+14,2.457627119,4.60E+32,8.33E+17,6.30E+17,3.15E+17,9.04E+13,4.49E+15,1.12E+15,2.457627119,1.73E+33,7.27E+17,5.63E+17,2.82E+17,8.09E+13,2.96E+15,1.82E+15,2.457627119,1.52E+33,1.80E+17,1.66E+17,8.28E+16,2.38E+13,7.02E+14,7.01E+14,2.457627119,3.74E+32,2
1.87E+17,1.67E+17,8.35E+16,2.40E+13,7.54E+14,6.61E+14,2.457627119,3.80E+32,5.29E+17,4.31E+17,2.15E+17,6.19E+13,2.67E+15,9.79E+14,2.457627119,1.10E+33,3.44E+17,2.98E+17,1.49E+17,4.28E+13,1.55E+15,9.79E+14,2.457627119,7.18E+32,2.60E+17,2.32E+17,1.16E+17,3.33E+13,1.26E+15,7.01E+14,2.457627119,5.39E+32,1.42E+17,1.32E+17,6.62E+16,1.90E+13,5.62E+14,5.60E+14,2.457627119,3.00E+32,3.88E+17,3.31E+17,1.66E+17,4.76E+13,1.69E+15,1.12E+15,2.457627119,8.09E+32,4.79E+17,3.98E+17,1.99E+17,5.71E+13,2.67E+15,9.81E+14,2.457627119,9.91E+32,3.37E+16,3.31E+16,1.66E+16,4.76E+12,1.41E+14,1.40E+14,2.457627119,6.98E+31,2
4.06E+17,3.34E+17,1.67E+17,4.80E+13,2.55E+15,2.80E+14,2.457627119,8.04E+32,1.06E+17,9.96E+16,4.98E+16,1.43E+13,4.24E+14,4.20E+14,2.457627119,2.19E+32,2.60E+17,2.32E+17,1.16E+17,3.33E+13,1.69E+15,5.60E+14,2.457627119,5.40E+32,1.80E+17,1.66E+17,8.28E+16,2.38E+13,7.04E+14,6.99E+14,2.457627119,3.72E+32,6.88E+16,6.63E+16,3.32E+16,9.53E+12,2.82E+14,2.80E+14,2.457627119,1.42E+32,1.42E+17,1.33E+17,6.63E+16,1.90E+13,5.65E+14,5.58E+14,2.457627119,2.93E+32,1.80E+17,1.66E+17,8.28E+16,2.38E+13,9.83E+14,4.20E+14,2.457627119,3.78E+32,6.86E+16,6.63E+16,3.31E+16,9.52E+12,2.81E+14,2.81E+14,2.457627119,1.42E+32,2
1.62E+17,1.39E+17,6.94E+16,1.99E+13,8.98E+14,2.79E+14,2.457627119,3.02E+32,4.40E+17,3.65E+17,1.82E+17,5.24E+13,1.86E+15,1.23E+15,2.457627119,9.03E+32,4.35E+17,3.65E+17,1.82E+17,5.24E+13,1.98E+15,1.39E+15,2.457627119,8.98E+32,2.21E+17,1.99E+17,9.95E+16,2.86E+13,1.27E+15,6.96E+14,2.457627119,4.60E+32,1.83E+17,1.66E+17,8.30E+16,2.38E+13,7.07E+14,7.01E+14,2.457627119,3.72E+32,6.28E+17,4.97E+17,2.49E+17,7.14E+13,3.10E+15,1.39E+15,2.457627119,1.30E+33,5.29E+17,4.31E+17,2.15E+17,6.19E+13,3.09E+15,8.40E+14,2.457627119,1.10E+33,1.80E+17,1.66E+17,8.29E+16,2.38E+13,7.13E+14,6.91E+14,2.457627119,3.86E+32,2
2.32E+17,2.01E+17,1.01E+17,2.89E+13,9.04E+14,8.04E+14,2.457627119,4.55E+32,2.62E+17,2.32E+17,1.16E+17,3.33E+13,9.90E+14,9.77E+14,2.457627119,5.44E+32,1.42E+17,1.32E+17,6.62E+16,1.90E+13,8.42E+14,2.81E+14,2.457627119,2.95E+32,1.80E+17,1.66E+17,8.28E+16,2.38E+13,7.03E+14,7.00E+14,2.457627119,3.72E+32,6.85E+16,6.62E+16,3.31E+16,9.51E+12,2.81E+14,2.80E+14,2.457627119,1.42E+32,2.60E+17,2.32E+17,1.16E+17,3.33E+13,9.84E+14,9.81E+14,2.457627119,5.37E+32,3.88E+17,3.31E+17,1.66E+17,4.76E+13,1.41E+15,1.40E+15,2.457627119,8.50E+32,3.37E+16,3.31E+16,1.66E+16,4.75E+12,1.41E+14,1.40E+14,2.457627119,7.20E+31,2
3.52E+17,3.00E+17,1.50E+17,4.31E+13,1.57E+15,9.74E+14,2.457627119,7.49E+32,4.81E+17,3.81E+17,1.99E+17,5.71E+13,2.53E+15,8.40E+14,2.457627119,9.92E+32,2.19E+17,1.82E+17,9.94E+16,2.86E+13,8.43E+14,8.41E+14,2.457627119,4.56E+32,2.19E+17,1.99E+17,9.93E+16,2.85E+13,1.12E+15,5.60E+14,2.457627119,4.53E+32,3.38E+16,3.32E+16,1.66E+16,4.76E+12,1.41E+14,1.40E+14,2.457627119,6.99E+31,2.60E+17,2.32E+17,1.16E+17,3.33E+13,9.83E+14,9.80E+14,2.457627119,5.43E+32,3.88E+17,3.31E+17,1.66E+17,4.76E+13,2.11E+15,9.81E+14,2.457627119,8.09E+32,1.20E+12,7.52E+11,3.76E+11,107955523.1,5727730296,778839936,2.457627119,2.38E+21,2
3.14E+17,2.67E+17,1.34E+17,3.84E+13,1.43E+15,8.33E+14,2.457627119,6.26E+32,6.77E+17,5.30E+17,2.65E+17,7.61E+13,2.96E+15,1.81E+15,2.457627119,1.42E+33,1.80E+17,1.66E+17,8.29E+16,2.38E+13,7.03E+14,7.02E+14,2.457627119,3.73E+32,6.86E+16,6.62E+16,3.31E+16,9.52E+12,2.81E+14,2.80E+14,2.457627119,1.42E+32,6.85E+16,6.62E+16,3.31E+16,9.51E+12,2.81E+14,2.80E+14,2.457627119,1.49E+32,3.37E+16,3.31E+16,1.65E+16,4.75E+12,1.40E+14,1.40E+14,2.457627119,7.19E+31,3.01E+17,2.48E+17,1.32E+17,3.81E+13,1.13E+15,1.12E+15,2.457627119,6.30E+32,1.19E+12,7.27E+11,3.88E+11,111514558.4,5334189595,1255192909,2.457627119,2.97E+21,2
2.67E+17,2.33E+17,1.16E+17,3.35E+13,1.31E+15,6.68E+14,2.457627119,5.41E+32,7.28E+17,5.64E+17,2.82E+17,8.09E+13,2.67E+15,2.10E+15,2.457627119,1.54E+33,3.44E+17,2.98E+17,1.49E+17,4.28E+13,1.55E+15,9.80E+14,2.457627119,7.13E+32,6.86E+16,6.63E+16,3.31E+16,9.52E+12,2.81E+14,2.80E+14,2.457627119,1.49E+32,1.05E+17,9.94E+16,4.97E+16,1.43E+13,4.22E+14,4.21E+14,2.457627119,2.16E+32,1.42E+17,1.32E+17,6.62E+16,1.90E+13,8.42E+14,2.80E+14,2.457627119,2.93E+32,1.80E+17,1.66E+17,8.28E+16,2.38E+13,9.84E+14,4.20E+14,2.457627119,3.72E+32,3.37E+16,3.31E+16,1.66E+16,4.75E+12,1.40E+14,1.40E+14,2.457627119,6.96E+31,2
3.51E+17,2.99E+17,1.50E+17,4.30E+13,1.30E+15,1.23E+15,2.457627119,7.20E+32,1.81E+17,1.66E+17,8.29E+16,2.38E+13,1.40E+15,2.80E+14,2.457627119,3.72E+32,1.80E+17,1.66E+17,8.28E+16,2.38E+13,7.04E+14,7.00E+14,2.457627119,3.72E+32,3.37E+16,3.31E+16,1.66E+16,4.76E+12,1.41E+14,1.40E+14,2.457627119,7.21E+31,1.04E+17,9.93E+16,4.96E+16,1.43E+13,7.01E+14,1.40E+14,2.457627119,2.18E+32,2.19E+17,1.99E+17,9.93E+16,2.85E+13,1.40E+15,2.80E+14,2.457627119,4.60E+32,3.88E+17,3.31E+17,1.66E+17,4.75E+13,1.97E+15,8.40E+14,2.457627119,8.08E+32,6.95E+11,4.39E+11,2.19E+11,63023139.31,3103810320,648067420,2.457627119,1.18E+21,2
3.04E+17,2.62E+17,1.31E+17,3.89E+13,1.15E+15,1.10E+15,2.543103448,6.05E+32,3.84E+17,3.26E+17,1.63E+17,4.84E+13,1.69E+15,1.12E+15,2.543103448,7.77E+32,2.16E+17,1.95E+17,9.77E+16,2.91E+13,1.13E+15,5.60E+14,2.543103448,4.44E+32,1.03E+17,9.77E+16,4.89E+16,1.45E+13,4.23E+14,4.20E+14,2.543103448,2.10E+32,1.03E+17,9.77E+16,4.89E+16,1.45E+13,4.23E+14,4.20E+14,2.543103448,2.19E+32,1.03E+17,9.77E+16,4.88E+16,1.45E+13,4.22E+14,4.20E+14,2.543103448,2.19E+32,1.39E+17,1.30E+17,6.51E+16,1.93E+13,5.62E+14,5.61E+14,2.543103448,2.83E+32,3.32E+16,3.26E+16,1.63E+16,4.84E+12,1.44E+14,1.37E+14,2.543103448,6.85E+31,2
7.63E+16,6.96E+16,3.48E+16,1.00E+13,3.13E+14,2.83E+14,2.457627119,1.43E+32,3.94E+17,3.32E+17,1.66E+17,4.77E+13,1.72E+15,1.09E+15,2.457627119,8.11E+32,1.05E+17,9.94E+16,4.97E+16,1.43E+13,4.25E+14,4.17E+14,2.457627119,2.23E+32,2.21E+17,1.99E+17,9.96E+16,2.86E+13,8.52E+14,8.36E+14,2.457627119,4.57E+32,7.03E+16,6.70E+16,3.35E+16,9.63E+12,2.85E+14,2.83E+14,2.457627119,1.45E+32,2.63E+17,2.32E+17,1.16E+17,3.34E+13,1.02E+15,9.51E+14,2.457627119,5.60E+32,3.04E+17,2.65E+17,1.33E+17,3.81E+13,1.42E+15,8.24E+14,2.457627119,6.23E+32,1.06E+17,9.98E+16,4.99E+16,1.43E+13,7.04E+14,1.41E+14,2.457627119,2.17E+32,2
2.05E+17,1.73E+17,8.65E+16,2.48E+13,7.69E+14,6.97E+14,2.457627119,3.83E+32,2.65E+17,2.33E+17,1.16E+17,3.34E+13,1.28E+15,6.88E+14,2.457627119,5.38E+32,6.24E+17,4.97E+17,2.49E+17,7.14E+13,2.39E+15,1.82E+15,2.457627119,1.34E+33,2.60E+17,2.32E+17,1.16E+17,3.33E+13,1.27E+15,6.97E+14,2.457627119,5.37E+32,1.80E+17,1.66E+17,8.28E+16,2.38E+13,9.83E+14,4.21E+14,2.457627119,3.74E+32,5.75E+17,4.64E+17,2.32E+17,6.66E+13,2.95E+15,1.26E+15,2.457627119,1.19E+33,4.80E+17,3.98E+17,1.99E+17,5.71E+13,2.25E+15,1.12E+15,2.457627119,9.92E+32,4.33E+17,3.64E+17,1.82E+17,5.23E+13,2.11E+15,9.81E+14,2.457627119,8.95E+32,2
8.79E+16,7.47E+16,3.73E+16,1.07E+13,3.62E+14,2.71E+14,2.457627119,1.43E+32,3.09E+17,2.66E+17,1.33E+17,3.82E+13,1.44E+15,8.18E+14,2.457627119,6.25E+32,3.02E+17,2.65E+17,1.33E+17,3.81E+13,1.13E+15,1.12E+15,2.457627119,6.47E+32,5.27E+17,4.31E+17,2.16E+17,6.19E+13,2.11E+15,1.54E+15,2.457627119,1.09E+33,3.44E+17,2.98E+17,1.49E+17,4.28E+13,1.54E+15,9.81E+14,2.457627119,7.18E+32,9.44E+17,6.96E+17,3.48E+17,9.99E+13,4.07E+15,1.82E+15,2.457627119,1.95E+33,1.00E+18,7.29E+17,3.65E+17,1.05E+14,3.94E+15,2.24E+15,2.457627119,2.08E+33,4.79E+17,3.98E+17,1.99E+17,5.71E+13,1.69E+15,1.68E+15,2.457627119,1.07E+33,2
8.55E+16,7.32E+16,3.66E+16,1.05E+13,3.62E+14,2.59E+14,2.457627119,1.43E+32,5.32E+17,4.31E+17,2.15E+17,6.19E+13,2.13E+15,1.52E+15,2.457627119,1.10E+33,6.25E+17,4.97E+17,2.49E+17,7.14E+13,2.54E+15,1.95E+15,2.457627119,1.33E+33,5.26E+17,4.31E+17,2.15E+17,6.18E+13,2.11E+15,1.54E+15,2.457627119,1.10E+33,1.05E+17,9.94E+16,4.97E+16,1.43E+13,4.21E+14,4.21E+14,2.457627119,2.30E+32,7.27E+17,5.63E+17,2.82E+17,8.09E+13,2.95E+15,1.82E+15,2.457627119,1.57E+33,4.79E+17,3.98E+17,1.99E+17,5.71E+13,1.69E+15,1.68E+15,2.457627119,9.93E+32,1.42E+17,1.32E+17,6.62E+16,1.90E+13,5.62E+14,5.61E+14,2.457627119,2.93E+32,2
1.16E+16,7.18E+15,3.59E+15,1.03E+12,4.90E+13,1.32E+13,2.457627119,2.12E+29,5.34E+17,4.31E+17,2.16E+17,6.20E+13,2.70E+15,9.56E+14,2.457627119,1.09E+33,4.80E+17,3.98E+17,1.99E+17,5.71E+13,2.25E+15,1.12E+15,2.457627119,1.02E+33,2.60E+17,2.32E+17,1.16E+17,3.33E+13,1.68E+15,5.60E+14,2.457627119,5.39E+32,2.60E+17,2.32E+17,1.16E+17,3.33E+13,1.40E+15,8.41E+14,2.457627119,5.51E+32,3.45E+17,2.98E+17,1.49E+17,4.28E+13,1.55E+15,9.79E+14,2.457627119,7.12E+32,5.27E+17,4.31E+17,2.15E+17,6.19E+13,2.67E+15,9.78E+14,2.457627119,1.10E+33,3.37E+16,3.31E+16,1.65E+16,4.75E+12,1.40E+14,1.40E+14,2.457627119,6.96E+31,2
7.68E+15,5.07E+15,2.53E+15,7.28E+11,3.47E+13,9.36E+12,2.457627119,1.43E+29,5.80E+17,4.64E+17,2.32E+17,6.67E+13,2.28E+15,1.66E+15,2.457627119,1.24E+33,1.42E+17,1.33E+17,6.63E+16,1.91E+13,5.63E+14,5.62E+14,2.457627119,3.17E+32,3.01E+17,2.65E+17,1.33E+17,3.81E+13,1.83E+15,7.02E+14,2.457627119,6.23E+32,2.60E+17,2.32E+17,1.16E+17,3.33E+13,1.41E+15,8.42E+14,2.457627119,5.38E+32,3.88E+17,3.31E+17,1.66E+17,4.76E+13,1.69E+15,1.12E+15,2.457627119,8.02E+32,6.75E+17,5.30E+17,2.65E+17,7.62E+13,3.23E+15,1.54E+15,2.457627119,1.43E+33,1.05E+17,9.95E+16,4.97E+16,1.43E+13,4.22E+14,4.21E+14,2.457627119,2.17E+32,2
2.13E+17,1.75E+17,8.76E+16,2.52E+13,1.09E+15,3.96E+14,2.457627119,3.76E+32,3.11E+17,2.66E+17,1.33E+17,3.83E+13,1.16E+15,1.10E+15,2.457627119,6.48E+32,3.02E+17,2.65E+17,1.33E+17,3.81E+13,1.41E+15,8.42E+14,2.457627119,6.47E+32,3.88E+17,3.31E+17,1.66E+17,4.76E+13,1.41E+15,1.40E+15,2.457627119,8.02E+32,3.01E+17,2.65E+17,1.33E+17,3.81E+13,1.41E+15,8.40E+14,2.457627119,6.30E+32,3.45E+17,2.98E+17,1.49E+17,4.29E+13,1.55E+15,9.81E+14,2.457627119,7.27E+32,6.25E+17,4.97E+17,2.49E+17,7.14E+13,3.23E+15,9.80E+14,2.457627119,1.30E+33,2.19E+17,1.99E+17,9.93E+16,2.85E+13,1.12E+15,5.60E+14,2.457627119,4.53E+32,2
8.09E+16,7.11E+16,3.55E+16,1.02E+13,3.25E+14,2.77E+14,2.457627119,1.45E+32,3.06E+17,2.49E+17,1.33E+17,3.82E+13,1.42E+15,8.33E+14,2.457627119,6.47E+32,4.79E+17,3.98E+17,1.99E+17,5.71E+13,1.97E+15,1.40E+15,2.457627119,1.03E+33,2.60E+17,2.32E+17,1.16E+17,3.33E+13,1.54E+15,4.21E+14,2.457627119,5.37E+32,1.80E+17,1.66E+17,8.28E+16,2.38E+13,7.03E+14,7.00E+14,2.457627119,3.74E+32,3.02E+17,2.65E+17,1.33E+17,3.81E+13,1.55E+15,9.80E+14,2.457627119,6.37E+32,4.80E+17,3.98E+17,1.99E+17,5.71E+13,2.25E+15,1.12E+15,2.457627119,9.92E+32,1.05E+17,9.94E+16,4.97E+16,1.43E+13,7.02E+14,1.40E+14,2.457627119,2.19E+32,2
5.31E+16,4.25E+16,2.13E+16,6.12E+12,2.10E+14,1.51E+14,2.457627119,7.08E+31,3.08E+17,2.66E+17,1.33E+17,3.82E+13,1.15E+15,1.10E+15,2.457627119,6.74E+32,2.60E+17,2.32E+17,1.16E+17,3.33E+13,9.90E+14,9.76E+14,2.457627119,5.38E+32,4.79E+17,3.98E+17,1.99E+17,5.71E+13,2.39E+15,1.26E+15,2.457627119,9.98E+32,2.19E+17,1.99E+17,9.93E+16,2.85E+13,1.54E+15,4.21E+14,2.457627119,4.60E+32,4.79E+17,3.98E+17,1.99E+17,5.71E+13,2.67E+15,9.82E+14,2.457627119,9.92E+32,4.80E+17,3.98E+17,1.99E+17,5.71E+13,1.97E+15,1.40E+15,2.457627119,9.94E+32,1.80E+17,1.66E+17,8.29E+16,2.38E+13,7.03E+14,7.02E+14,2.457627119,3.96E+32,2
2.01E+17,1.72E+17,8.59E+16,2.47E+13,1.07E+15,3.88E+14,2.457627119,3.77E+32,4.84E+17,3.98E+17,1.99E+17,5.71E+13,2.14E+15,1.52E+15,2.457627119,1.03E+33,4.33E+17,3.64E+17,1.82E+17,5.23E+13,2.11E+15,9.80E+14,2.457627119,9.29E+32,1.42E+17,1.33E+17,6.63E+16,1.90E+13,5.62E+14,5.61E+14,2.457627119,2.93E+32,2.19E+17,1.99E+17,9.94E+16,2.86E+13,1.12E+15,5.61E+14,2.457627119,4.56E+32,6.24E+17,4.97E+17,2.49E+17,7.14E+13,2.39E+15,1.82E+15,2.457627119,1.29E+33,5.27E+17,4.31E+17,2.15E+17,6.19E+13,2.11E+15,1.54E+15,2.457627119,1.09E+33,2.19E+17,1.99E+17,9.94E+16,2.86E+13,8.43E+14,8.41E+14,2.457627119,4.56E+32,2
2.05E+17,1.73E+17,8.67E+16,2.49E+13,8.09E+14,6.60E+14,2.457627119,3.75E+32,2.25E+17,2.00E+17,9.99E+16,2.87E+13,1.55E+15,4.19E+14,2.457627119,4.78E+32,2.60E+17,2.32E+17,1.16E+17,3.33E+13,1.26E+15,7.01E+14,2.457627119,5.38E+32,4.79E+17,3.98E+17,1.99E+17,5.71E+13,1.97E+15,1.40E+15,2.457627119,9.91E+32,1.04E+17,9.93E+16,4.97E+16,1.43E+13,4.21E+14,4.20E+14,2.457627119,2.16E+32,6.24E+17,4.97E+17,2.48E+17,7.14E+13,2.67E+15,1.54E+15,2.457627119,1.33E+33,3.89E+17,3.32E+17,1.66E+17,4.76E+13,1.69E+15,1.12E+15,2.457627119,8.10E+32,1.80E+17,1.66E+17,8.28E+16,2.38E+13,7.02E+14,7.00E+14,2.457627119,3.74E+32,2
4.86E+16,4.06E+16,2.03E+16,5.83E+12,2.10E+14,1.35E+14,2.457627119,7.26E+31,1.82E+17,1.66E+17,8.30E+16,2.38E+13,7.23E+14,6.83E+14,2.457627119,3.75E+32,5.27E+17,4.31E+17,2.15E+17,6.19E+13,1.83E+15,1.82E+15,2.457627119,1.09E+33,3.44E+17,2.98E+17,1.49E+17,4.28E+13,1.27E+15,1.26E+15,2.457627119,7.19E+32,3.38E+16,3.32E+16,1.66E+16,4.77E+12,1.41E+14,1.41E+14,2.457627119,7.01E+31,5.27E+17,4.31E+17,2.16E+17,6.19E+13,2.67E+15,9.81E+14,2.457627119,1.09E+33,3.89E+17,3.32E+17,1.66E+17,4.76E+13,1.97E+15,8.40E+14,2.457627119,8.11E+32,1.05E+17,9.94E+16,4.97E+16,1.43E+13,4.22E+14,4.21E+14,2.457627119,2.18E+32,2
1.29E+17,1.08E+17,5.42E+16,1.56E+13,5.34E+14,3.84E+14,2.457627119,2.21E+32,1.84E+17,1.66E+17,8.32E+16,2.39E+13,9.93E+14,4.18E+14,2.457627119,3.73E+32,4.34E+17,3.65E+17,1.82E+17,5.24E+13,1.84E+15,1.25E+15,2.457627119,9.10E+32,4.33E+17,3.64E+17,1.82E+17,5.23E+13,1.83E+15,1.26E+15,2.457627119,8.97E+32,2.61E+17,2.32E+17,1.16E+17,3.34E+13,1.27E+15,7.02E+14,2.457627119,5.37E+32,6.75E+17,5.30E+17,2.65E+17,7.62E+13,2.53E+15,1.96E+15,2.457627119,1.40E+33,6.76E+17,5.31E+17,2.65E+17,7.62E+13,2.81E+15,1.68E+15,2.457627119,1.41E+33,2.19E+17,1.99E+17,9.94E+16,2.85E+13,8.44E+14,8.40E+14,2.457627119,4.60E+32,2
2.87E+17,2.38E+17,1.19E+17,3.42E+13,1.38E+15,6.46E+14,2.457627119,5.43E+32,3.93E+17,3.32E+17,1.66E+17,4.76E+13,2.12E+15,9.69E+14,2.457627119,8.03E+32,3.44E+17,2.98E+17,1.49E+17,4.28E+13,1.55E+15,9.81E+14,2.457627119,7.35E+32,2.60E+17,2.32E+17,1.16E+17,3.33E+13,9.86E+14,9.80E+14,2.457627119,5.45E+32,3.01E+17,2.65E+17,1.33E+17,3.81E+13,1.83E+15,7.01E+14,2.457627119,6.26E+32,8.33E+17,6.30E+17,3.15E+17,9.04E+13,3.80E+15,1.54E+15,2.457627119,1.72E+33,5.75E+17,4.64E+17,2.32E+17,6.66E+13,2.67E+15,1.54E+15,2.457627119,1.19E+33,1.42E+17,1.33E+17,6.63E+16,1.90E+13,5.63E+14,5.61E+14,2.457627119,2.93E+32,2
1.96E+17,1.70E+17,8.49E+16,2.44E+13,7.84E+14,6.55E+14,2.457627119,3.74E+32,5.30E+17,4.31E+17,2.15E+17,6.19E+13,2.40E+15,1.25E+15,2.457627119,1.09E+33,2.60E+17,2.15E+17,1.16E+17,3.33E+13,1.26E+15,7.02E+14,2.457627119,5.51E+32,2.60E+17,2.32E+17,1.16E+17,3.33E+13,9.84E+14,9.81E+14,2.457627119,5.39E+32,2.19E+17,1.99E+17,9.93E+16,2.85E+13,8.42E+14,8.41E+14,2.457627119,4.76E+32,3.88E+17,3.31E+17,1.66E+17,4.76E+13,1.41E+15,1.40E+15,2.457627119,8.03E+32,3.44E+17,2.98E+17,1.49E+17,4.28E+13,1.27E+15,1.26E+15,2.457627119,7.26E+32,1.04E+17,9.93E+16,4.97E+16,1.43E+13,4.21E+14,4.20E+14,2.457627119,2.18E+32,2
1.17E+17,1.04E+17,5.20E+16,1.49E+13,4.74E+14,4.07E+14,2.457627119,2.20E+32,3.91E+17,3.32E+17,1.66E+17,4.76E+13,1.43E+15,1.38E+15,2.457627119,8.26E+32,2.60E+17,2.32E+17,1.16E+17,3.33E+13,1.26E+15,7.01E+14,2.457627119,5.40E+32,6.87E+16,6.63E+16,3.32E+16,9.53E+12,2.81E+14,2.81E+14,2.457627119,1.42E+32,6.85E+16,6.62E+16,3.31E+16,9.51E+12,2.81E+14,2.80E+14,2.457627119,1.49E+32,3.44E+17,2.98E+17,1.49E+17,4.28E+13,1.55E+15,9.80E+14,2.457627119,7.11E+32,7.27E+17,5.64E+17,2.82E+17,8.09E+13,3.66E+15,1.40E+15,2.457627119,1.51E+33,1.80E+17,1.66E+17,8.28E+16,2.38E+13,7.03E+14,7.01E+14,2.457627119,3.74E+32,2
4.73E+16,4.08E+16,2.04E+16,5.86E+12,1.99E+14,1.47E+14,2.457627119,7.30E+31,5.35E+17,4.31E+17,2.16E+17,6.19E+13,2.15E+15,1.51E+15,2.457627119,1.09E+33,3.02E+17,2.65E+17,1.33E+17,3.81E+13,1.13E+15,1.12E+15,2.457627119,6.24E+32,2.60E+17,2.32E+17,1.16E+17,3.33E+13,1.41E+15,8.37E+14,2.457627119,5.40E+32,2.60E+17,2.32E+17,1.16E+17,3.33E+13,9.85E+14,9.81E+14,2.457627119,5.44E+32,6.75E+17,5.30E+17,2.65E+17,7.62E+13,2.53E+15,1.96E+15,2.457627119,1.40E+33,4.33E+17,3.64E+17,1.82E+17,5.24E+13,2.11E+15,9.80E+14,2.457627119,9.02E+32,1.80E+17,1.66E+17,8.28E+16,2.38E+13,7.02E+14,7.01E+14,2.457627119,3.72E+32,2
4.12E+16,2.02E+16,1.80E+16,5.74E+12,2.03E+14,1.19E+14,2.459821429,6.48E+31,1.75E+17,1.58E+17,7.89E+16,2.52E+13,7.07E+14,7.02E+14,2.459821429,3.38E+32,1.35E+17,1.26E+17,6.29E+16,2.01E+13,5.64E+14,5.60E+14,2.459821429,2.65E+32,3.71E+17,3.15E+17,1.57E+17,5.02E+13,1.69E+15,1.12E+15,2.459821429,7.29E+32,5.04E+17,4.09E+17,2.05E+17,6.52E+13,2.11E+15,1.54E+15,2.459821429,9.92E+32,5.99E+17,4.72E+17,2.36E+17,7.52E+13,2.11E+15,2.10E+15,2.459821429,1.18E+33,3.71E+17,3.15E+17,1.57E+17,5.01E+13,1.41E+15,1.40E+15,2.459821429,7.33E+32,1.35E+17,1.26E+17,6.29E+16,2.00E+13,5.62E+14,5.61E+14,2.459821429,2.82E+32,2
1.99E+17,1.71E+17,8.54E+16,2.45E+13,8.15E+14,6.32E+14,2.457627119,3.77E+32,3.93E+17,3.32E+17,1.66E+17,4.77E+13,1.72E+15,1.10E+15,2.457627119,8.07E+32,2.60E+17,2.16E+17,1.16E+17,3.33E+13,1.27E+15,7.02E+14,2.457627119,5.40E+32,4.33E+17,3.48E+17,1.82E+17,5.24E+13,2.11E+15,9.82E+14,2.457627119,8.98E+32,4.33E+17,3.48E+17,1.82E+17,5.23E+13,1.82E+15,1.26E+15,2.457627119,9.29E+32,5.75E+17,4.64E+17,2.32E+17,6.66E+13,1.97E+15,1.96E+15,2.457627119,1.19E+33,7.79E+17,5.96E+17,2.98E+17,8.57E+13,3.23E+15,2.10E+15,2.457627119,1.61E+33,6.86E+16,6.63E+16,3.32E+16,9.52E+12,2.81E+14,2.81E+14,2.457627119,1.42E+32,2
1.12E+17,1.02E+17,5.11E+16,1.47E+13,4.46E+14,4.19E+14,2.457627119,2.20E+32,1.43E+17,1.33E+17,6.64E+16,1.91E+13,5.66E+14,5.60E+14,2.457627119,3.00E+32,5.26E+17,4.31E+17,2.15E+17,6.19E+13,2.11E+15,1.54E+15,2.457627119,1.11E+33,3.88E+17,3.31E+17,1.66E+17,4.76E+13,1.41E+15,1.40E+15,2.457627119,8.05E+32,1.80E+17,1.66E+17,8.28E+16,2.38E+13,7.02E+14,7.01E+14,2.457627119,3.72E+32,5.26E+17,4.31E+17,2.15E+17,6.19E+13,2.11E+15,1.54E+15,2.457627119,1.09E+33,4.34E+17,3.65E+17,1.82E+17,5.24E+13,2.67E+15,4.20E+14,2.457627119,8.98E+32,6.87E+16,6.64E+16,3.32E+16,9.53E+12,2.81E+14,2.81E+14,2.457627119,1.42E+32,2
7.75E+16,6.97E+16,3.48E+16,1.00E+13,3.08E+14,2.83E+14,2.457627119,1.43E+32,4.82E+17,3.81E+17,1.99E+17,5.72E+13,2.96E+15,6.97E+14,2.457627119,9.92E+32,1.42E+17,1.32E+17,6.62E+16,1.90E+13,5.63E+14,5.60E+14,2.457627119,3.07E+32,1.80E+17,1.66E+17,8.28E+16,2.38E+13,9.83E+14,4.21E+14,2.457627119,3.86E+32,1.05E+17,9.95E+16,4.97E+16,1.43E+13,4.22E+14,4.21E+14,2.457627119,2.17E+32,4.79E+17,3.98E+17,1.99E+17,5.71E+13,2.39E+15,1.26E+15,2.457627119,9.98E+32,5.27E+17,4.31E+17,2.15E+17,6.19E+13,2.11E+15,1.54E+15,2.457627119,1.10E+33,1.04E+17,9.93E+16,4.97E+16,1.43E+13,4.21E+14,4.21E+14,2.457627119,2.16E+32,2
2.25E+17,2.00E+17,9.98E+16,2.87E+13,8.70E+14,8.23E+14,2.457627119,4.56E+32,4.81E+17,3.98E+17,1.99E+17,5.71E+13,2.26E+15,1.11E+15,2.457627119,9.91E+32,1.04E+17,9.93E+16,4.97E+16,1.43E+13,4.21E+14,4.20E+14,2.457627119,2.18E+32,1.80E+17,1.66E+17,8.28E+16,2.38E+13,1.12E+15,5.61E+14,2.457627119,3.86E+32,1.80E+17,1.66E+17,8.28E+16,2.38E+13,1.12E+15,5.61E+14,2.457627119,3.86E+32,3.44E+17,2.98E+17,1.49E+17,4.28E+13,1.97E+15,8.40E+14,2.457627119,7.46E+32,2.19E+17,1.99E+17,9.94E+16,2.85E+13,1.54E+15,4.20E+14,2.457627119,4.60E+32,1.04E+17,9.93E+16,4.97E+16,1.43E+13,4.22E+14,4.20E+14,2.457627119,2.18E+32,2
2.26E+17,2.00E+17,1.00E+17,2.87E+13,1.14E+15,5.51E+14,2.457627119,4.56E+32,5.28E+17,4.31E+17,2.15E+17,6.19E+13,2.12E+15,1.53E+15,2.457627119,1.11E+33,3.44E+17,2.82E+17,1.49E+17,4.28E+13,1.27E+15,1.26E+15,2.457627119,7.12E+32,1.42E+17,1.16E+17,6.62E+16,1.90E+13,5.62E+14,5.61E+14,2.457627119,2.93E+32,1.05E+17,9.94E+16,4.97E+16,1.43E+13,4.22E+14,4.21E+14,2.457627119,2.16E+32,2.60E+17,2.32E+17,1.16E+17,3.33E+13,1.41E+15,8.41E+14,2.457627119,5.37E+32,2.60E+17,2.32E+17,1.16E+17,3.33E+13,9.84E+14,9.80E+14,2.457627119,5.37E+32,3.64E+12,1.81E+12,1.54E+12,441141655.6,15031266710,11555413468,2.457627119,4.22E+23,2
1.12E+17,1.02E+17,5.10E+16,1.46E+13,4.65E+14,3.99E+14,2.457627119,2.24E+32,1.82E+17,1.66E+17,8.30E+16,2.38E+13,7.13E+14,6.94E+14,2.457627119,3.72E+32,1.80E+17,1.66E+17,8.28E+16,2.38E+13,7.04E+14,7.00E+14,2.457627119,3.72E+32,1.42E+17,1.33E+17,6.63E+16,1.91E+13,5.63E+14,5.61E+14,2.457627119,2.96E+32,1.81E+17,1.66E+17,8.30E+16,2.38E+13,7.05E+14,7.02E+14,2.457627119,3.75E+32,6.89E+16,6.64E+16,3.32E+16,9.53E+12,2.84E+14,2.78E+14,2.457627119,1.42E+32,2.60E+17,2.32E+17,1.16E+17,3.33E+13,9.84E+14,9.81E+14,2.457627119,5.39E+32,1.05E+17,9.95E+16,4.98E+16,1.43E+13,4.24E+14,4.19E+14,2.457627119,2.19E+32,2
2.31E+17,2.02E+17,1.01E+17,2.90E+13,8.68E+14,8.43E+14,2.457627119,4.78E+32,4.83E+17,3.81E+17,1.99E+17,5.71E+13,2.27E+15,1.10E+15,2.457627119,9.98E+32,4.33E+17,3.64E+17,1.82E+17,5.24E+13,2.11E+15,9.79E+14,2.457627119,9.44E+32,4.34E+17,3.65E+17,1.82E+17,5.24E+13,1.55E+15,1.54E+15,2.457627119,8.99E+32,2.60E+17,2.32E+17,1.16E+17,3.33E+13,1.26E+15,7.00E+14,2.457627119,5.39E+32,1.42E+17,1.33E+17,6.63E+16,1.90E+13,5.63E+14,5.61E+14,2.457627119,3.17E+32,3.38E+16,3.32E+16,1.66E+16,4.76E+12,1.41E+14,1.40E+14,2.457627119,7.22E+31,6.16E+11,3.79E+11,1.91E+11,54739402.56,2778324832,495416083.5,2.457627119,7.79E+20,3
3.99E+17,3.33E+17,1.66E+17,4.78E+13,2.01E+15,8.13E+14,2.457627119,8.11E+32,5.76E+17,4.64E+17,2.32E+17,6.66E+13,1.98E+15,1.95E+15,2.457627119,1.20E+33,2.19E+17,1.99E+17,9.95E+16,2.86E+13,8.44E+14,8.42E+14,2.457627119,4.57E+32,2.19E+17,1.99E+17,9.94E+16,2.86E+13,1.12E+15,5.61E+14,2.457627119,4.56E+32,4.79E+17,3.97E+17,1.99E+17,5.71E+13,2.67E+15,9.82E+14,2.457627119,9.97E+32,7.26E+17,5.63E+17,2.82E+17,8.09E+13,3.65E+15,1.40E+15,2.457627119,1.52E+33,1.80E+17,1.49E+17,8.28E+16,2.38E+13,7.03E+14,7.01E+14,2.457627119,4.07E+32,3.37E+16,3.31E+16,1.65E+16,4.75E+12,1.40E+14,1.40E+14,2.457627119,6.96E+31,3
2.70E+17,2.34E+17,1.17E+17,3.37E+13,1.31E+15,6.73E+14,2.457627119,5.40E+32,4.81E+17,3.81E+17,1.99E+17,5.71E+13,1.70E+15,1.68E+15,2.457627119,9.99E+32,2.60E+17,2.32E+17,1.16E+17,3.33E+13,1.26E+15,7.01E+14,2.457627119,5.44E+32,2.60E+17,2.32E+17,1.16E+17,3.33E+13,1.26E+15,7.01E+14,2.457627119,5.44E+32,1.42E+17,1.32E+17,6.62E+16,1.90E+13,1.12E+15,3811473202,2.457627119,2.92E+32,4.33E+17,3.64E+17,1.82E+17,5.23E+13,2.81E+15,5.60E+14,2.457627119,9.09E+32,1.05E+17,9.94E+16,4.97E+16,1.43E+13,7.02E+14,1.40E+14,2.457627119,2.19E+32,6.20E+11,3.72E+11,1.89E+11,54314532.31,2803953615,518196127,2.457627119,6.66E+20,3
5.07E+16,4.12E+16,2.06E+16,5.92E+12,2.02E+14,1.48E+14,2.457627119,7.08E+31,3.95E+17,3.32E+17,1.66E+17,4.77E+13,2.13E+15,9.63E+14,2.457627119,8.10E+32,6.25E+17,4.97E+17,2.49E+17,7.14E+13,2.67E+15,1.54E+15,2.457627119,1.29E+33,1.80E+17,1.66E+17,8.29E+16,2.38E+13,7.03E+14,7.01E+14,2.457627119,3.79E+32,5.75E+17,4.64E+17,2.32E+17,6.66E+13,2.53E+15,1.40E+15,2.457627119,1.19E+33,3.88E+17,3.31E+17,1.66E+17,4.76E+13,1.41E+15,1.40E+15,2.457627119,8.16E+32,2.60E+17,2.15E+17,1.16E+17,3.33E+13,9.84E+14,9.83E+14,2.457627119,5.40E+32,1.05E+17,8.30E+16,4.98E+16,1.43E+13,4.23E+14,4.22E+14,2.457627119,2.17E+32,3
2.29E+17,2.01E+17,1.01E+17,2.89E+13,8.68E+14,8.37E+14,2.457627119,4.56E+32,8.36E+17,6.30E+17,3.15E+17,9.04E+13,3.66E+15,1.96E+15,2.457627119,1.73E+33,4.33E+17,3.65E+17,1.82E+17,5.24E+13,1.83E+15,1.26E+15,2.457627119,9.19E+32,4.79E+17,3.98E+17,1.99E+17,5.71E+13,2.25E+15,1.12E+15,2.457627119,9.98E+32,1.80E+17,1.66E+17,8.29E+16,2.38E+13,7.03E+14,7.02E+14,2.457627119,3.72E+32,3.38E+16,3.32E+16,1.66E+16,4.77E+12,1.41E+14,1.40E+14,2.457627119,7.00E+31,2.15E+12,1.30E+12,6.52E+11,187184040,8834452459,2226711499,2.457627119,6.75E+21,3.59E+11,2.11E+11,1.06E+11,30564055.73,1458061202,353295050,2.457627119,1.77E+20,3
3.05E+17,2.66E+17,1.33E+17,3.82E+13,1.45E+15,8.05E+14,2.457627119,6.25E+32,2.60E+17,2.15E+17,1.16E+17,3.33E+13,1.27E+15,6.99E+14,2.457627119,5.39E+32,6.75E+17,5.30E+17,2.65E+17,7.62E+13,3.09E+15,1.40E+15,2.457627119,1.40E+33,7.81E+17,5.97E+17,2.98E+17,8.57E+13,2.82E+15,2.24E+15,2.457627119,1.63E+33,3.37E+16,3.31E+16,1.66E+16,4.76E+12,1.41E+14,1.40E+14,2.457627119,7.21E+31,1.35E+12,7.65E+11,3.84E+11,110424935.1,6071826356,710044370,2.457627119,2.34E+21,5.19E+11,3.16E+11,1.59E+11,45665947.88,2291295076,435020130,2.457627119,5.61E+20,3.38E+16,3.32E+16,1.66E+16,4.77E+12,1.41E+14,1.41E+14,2.457627119,7.01E+31,3
3.39E+16,3.32E+16,1.66E+16,4.77E+12,1.41E+14,1.40E+14,2.457627119,6.98E+31,2.60E+17,2.32E+17,1.16E+17,3.33E+13,9.85E+14,9.80E+14,2.457627119,5.44E+32,3.01E+17,2.49E+17,1.33E+17,3.81E+13,1.41E+15,8.41E+14,2.457627119,6.38E+32,5.28E+17,4.31E+17,2.15E+17,6.19E+13,1.84E+15,1.81E+15,2.457627119,1.09E+33,1.37E+12,7.94E+11,3.97E+11,114033446.2,5944182754,815532529.5,2.457627119,2.54E+21,1.11E+12,6.32E+11,3.16E+11,90708886.24,4589884451,804737601,2.457627119,1.45E+21,3.29E+11,1.85E+11,92304017684,26516523.32,1481932792,127271428,2.457627119,1.07E+20,1.01E+11,61103451126,30551733115,8776711.61,447934321,70854025,2.457627119,1.94E+19,3
4.07E+17,3.34E+17,1.67E+17,4.80E+13,1.96E+15,1.16E+15,2.457627119,8.18E+32,7.83E+17,5.96E+17,2.98E+17,8.57E+13,3.80E+15,1.53E+15,2.457627119,1.62E+33,6.25E+17,4.97E+17,2.49E+17,7.14E+13,2.39E+15,1.82E+15,2.457627119,1.30E+33,7.80E+17,5.96E+17,2.98E+17,8.57E+13,3.37E+15,1.68E+15,2.457627119,1.61E+33,2.19E+17,1.82E+17,9.94E+16,2.85E+13,8.44E+14,8.41E+14,2.457627119,4.60E+32,3.01E+17,2.48E+17,1.32E+17,3.80E+13,1.40E+15,8.40E+14,2.457627119,6.29E+32,1.80E+17,1.66E+17,8.28E+16,2.38E+13,9.84E+14,4.20E+14,2.457627119,3.74E+32,1.26E+12,8.24E+11,4.16E+11,119616305.4,6015477138,1051156904,2.457627119,4.33E+21,3
3.16E+17,2.68E+17,1.34E+17,3.85E+13,1.18E+15,1.09E+15,2.457627119,6.28E+32,5.30E+17,4.31E+17,2.16E+17,6.19E+13,2.68E+15,9.77E+14,2.457627119,1.10E+33,4.33E+17,3.64E+17,1.82E+17,5.23E+13,2.53E+15,8.40E+14,2.457627119,9.09E+32,6.76E+17,5.31E+17,2.65E+17,7.62E+13,2.68E+15,2.10E+15,2.457627119,1.42E+33,3.01E+17,2.65E+17,1.32E+17,3.81E+13,1.41E+15,8.40E+14,2.457627119,6.25E+32,1.80E+17,1.66E+17,8.29E+16,2.38E+13,7.03E+14,7.01E+14,2.457627119,3.96E+32,6.85E+16,6.62E+16,3.31E+16,9.51E+12,2.81E+14,2.80E+14,2.457627119,1.44E+32,3.38E+16,3.32E+16,1.66E+16,4.77E+12,1.41E+14,1.41E+14,2.457627119,7.25E+31,3
3.54E+17,3.00E+17,1.50E+17,4.31E+13,1.60E+15,9.43E+14,2.457627119,7.16E+32,6.77E+17,5.30E+17,2.65E+17,7.62E+13,2.54E+15,1.95E+15,2.457627119,1.41E+33,3.02E+17,2.65E+17,1.32E+17,3.81E+13,1.13E+15,1.12E+15,2.457627119,6.25E+32,7.81E+17,5.97E+17,2.98E+17,8.57E+13,3.80E+15,1.54E+15,2.457627119,1.61E+33,3.88E+17,3.31E+17,1.66E+17,4.76E+13,1.69E+15,1.12E+15,2.457627119,8.01E+32,1.42E+17,1.33E+17,6.63E+16,1.90E+13,5.63E+14,5.61E+14,2.457627119,2.93E+32,2.60E+17,2.32E+17,1.16E+17,3.33E+13,1.26E+15,7.02E+14,2.457627119,5.40E+32,3.37E+16,3.31E+16,1.65E+16,4.75E+12,1.40E+14,1.40E+14,2.457627119,7.19E+31,3
4.44E+17,3.66E+17,1.83E+17,5.26E+13,2.30E+15,1.08E+15,2.457627119,8.97E+32,9.46E+17,6.96E+17,3.48E+17,1.00E+14,3.80E+15,2.10E+15,2.457627119,1.98E+33,4.33E+17,3.64E+17,1.82E+17,5.23E+13,1.83E+15,1.26E+15,2.457627119,1.00E+33,5.76E+17,4.64E+17,2.32E+17,6.66E+13,1.98E+15,1.95E+15,2.457627119,1.20E+33,4.33E+17,3.64E+17,1.82E+17,5.23E+13,1.83E+15,1.26E+15,2.457627119,8.95E+32,1.42E+17,1.32E+17,6.62E+16,1.90E+13,5.62E+14,5.61E+14,2.457627119,2.95E+32,1.04E+17,9.93E+16,4.96E+16,1.43E+13,4.21E+14,4.20E+14,2.457627119,2.16E+32,4.61E+11,2.82E+11,1.41E+11,40449525.02,2031103143,444664642.5,2.457627119,3.31E+20,3
2.66E+16,2.23E+16,1.12E+16,9.14E+12,2.13E+14,1.07E+14,1.457142857,2.66E+31,1.14E+17,9.84E+16,4.92E+16,4.02E+13,1.01E+15,3.97E+14,1.457142857,1.38E+32,2.23E+17,1.77E+17,8.85E+16,7.22E+13,1.83E+15,7.02E+14,1.457142857,2.77E+32,1.13E+17,9.84E+16,4.92E+16,4.01E+13,7.04E+14,7.01E+14,1.457142857,1.42E+32,1.38E+17,1.18E+17,5.89E+16,4.81E+13,1.12E+15,5.60E+14,1.457142857,1.69E+32,2.03E+16,1.97E+16,9.84E+15,8.03E+12,1.41E+14,1.40E+14,1.457142857,2.49E+31,7.82E+11,4.92E+11,2.46E+11,200699148.8,6963777161,532581775,1.457142857,1.49E+21,2.03E+16,1.97E+16,9.85E+15,8.04E+12,1.41E+14,1.41E+14,1.457142857,2.63E+31,3
6.91E+16,6.65E+16,3.32E+16,9.55E+12,2.82E+14,2.81E+14,2.457627119,1.44E+32,6.75E+17,5.14E+17,2.65E+17,7.62E+13,3.09E+15,1.40E+15,2.457627119,1.40E+33,4.79E+17,3.98E+17,1.99E+17,5.71E+13,2.11E+15,1.54E+15,2.457627119,9.91E+32,9.47E+17,6.96E+17,3.48E+17,1.00E+14,4.09E+15,1.81E+15,2.457627119,1.96E+33,6.85E+16,6.62E+16,3.31E+16,9.51E+12,2.81E+14,2.80E+14,2.457627119,1.44E+32,3.37E+16,3.31E+16,1.66E+16,4.76E+12,1.40E+14,1.40E+14,2.457627119,7.20E+31,6.85E+16,6.62E+16,3.31E+16,9.50E+12,5.61E+14,417074087.5,2.457627119,1.41E+32,1.60E+11,91496159948,46446005606,13342719.22,731838749.5,83461085.5,2.457627119,3.80E+19,3
1.05E+17,9.95E+16,4.97E+16,1.43E+13,4.22E+14,4.21E+14,2.457627119,2.16E+32,1.42E+17,1.32E+17,6.62E+16,1.90E+13,5.64E+14,5.58E+14,2.457627119,2.95E+32,4.79E+17,3.98E+17,1.99E+17,5.71E+13,1.69E+15,1.68E+15,2.457627119,1.00E+33,9.47E+17,6.97E+17,3.48E+17,1.00E+14,4.64E+15,1.26E+15,2.457627119,1.97E+33,6.86E+16,6.62E+16,3.31E+16,9.51E+12,2.81E+14,2.80E+14,2.457627119,1.42E+32,1.66E+12,8.95E+11,4.57E+11,131408069,7261894343,606765728.5,2.457627119,2.51E+21,5.11E+11,2.81E+11,1.42E+11,40900962.27,2274071807,250345271,2.457627119,2.57E+20,1.14E+11,62947124780,31573654828,9070282.915,505659974.5,51211638.5,2.457627119,1.25E+19,3
2.20E+17,1.99E+17,9.94E+16,2.85E+13,8.48E+14,8.36E+14,2.457627119,4.53E+32,3.44E+17,2.82E+17,1.49E+17,4.28E+13,1.55E+15,9.77E+14,2.457627119,7.19E+32,5.26E+17,4.14E+17,2.15E+17,6.19E+13,2.11E+15,1.54E+15,2.457627119,1.12E+33,7.82E+17,5.97E+17,2.98E+17,8.57E+13,3.38E+15,1.68E+15,2.457627119,1.65E+33,6.86E+16,6.63E+16,3.31E+16,9.52E+12,2.81E+14,2.80E+14,2.457627119,1.42E+32,1.49E+12,8.17E+11,4.18E+11,119998049.9,6376510169,782389095,2.457627119,2.41E+21,4.58E+11,2.50E+11,1.32E+11,37907689.78,1972138282,311132640,2.457627119,2.54E+20,1.01E+11,56363439447,28249071793,8115217.407,411393937.5,69843733.5,2.457627119,1.02E+19,3
4.90E+14,4.53E+14,2.29E+14,65860135170,2.15E+12,1.74E+12,2.457627119,9.87E+27,3.02E+17,2.65E+17,1.32E+17,3.81E+13,1.12E+15,1.12E+15,2.457627119,6.23E+32,4.79E+17,3.81E+17,1.99E+17,5.71E+13,1.97E+15,1.40E+15,2.457627119,1.00E+33,9.46E+17,6.80E+17,3.48E+17,1.00E+14,4.64E+15,1.26E+15,2.457627119,1.99E+33,2.19E+12,1.19E+12,6.23E+11,178920141.5,9285785744,1311860366,2.457627119,5.55E+21,6.85E+16,4.96E+16,3.31E+16,9.51E+12,2.81E+14,2.80E+14,2.457627119,1.42E+32,8.05E+11,4.35E+11,2.40E+11,68932925.29,3476468656,598611161.5,2.457627119,1.26E+21,2.65E+11,1.45E+11,81686569670,23466408.98,1181779382,203252837.5,2.457627119,1.79E+20,3
6.88E+16,6.63E+16,3.32E+16,9.53E+12,2.81E+14,2.81E+14,2.457627119,1.42E+32,2.19E+17,1.99E+17,9.94E+16,2.85E+13,8.44E+14,8.40E+14,2.457627119,4.53E+32,6.75E+17,5.30E+17,2.65E+17,7.62E+13,3.79E+15,9.82E+14,2.457627119,1.40E+33,6.77E+17,5.30E+17,2.65E+17,7.62E+13,3.24E+15,1.53E+15,2.457627119,1.40E+33,3.37E+16,3.31E+16,1.66E+16,4.75E+12,1.41E+14,1.40E+14,2.457627119,7.20E+31,1.51E+12,8.38E+11,4.20E+11,120684186.2,6454418561,779882698.5,2.457627119,2.57E+21,4.37E+11,2.45E+11,1.23E+11,35354179.9,1874677381,216085669,2.457627119,2.49E+20,1.59E+11,96582126269,48447253864,13917625.36,698166288,128571564,2.457627119,7.02E+19,3
4.52E+16,4.27E+16,2.13E+16,1.48E+13,5.62E+14,2.47E+11,1.710526316,5.99E+31,1.48E+17,1.17E+17,6.40E+16,4.43E+13,1.13E+15,5.58E+14,1.710526316,2.01E+32,4.50E+16,4.27E+16,2.13E+16,1.48E+13,2.81E+14,2.81E+14,1.710526316,6.00E+31,1.78E+17,1.50E+17,7.48E+16,5.18E+13,1.27E+15,6.97E+14,1.710526316,2.43E+32,8.07E+11,4.44E+11,2.31E+11,159980545.5,5391703019,687557710.5,1.710526316,1.25E+21,5.69E+11,3.10E+11,1.57E+11,108449525.8,3916016818,205065161.5,1.710526316,4.48E+20,2.50E+11,1.42E+11,73625596106,50987254.92,1658892484,278623203.5,1.710526316,1.78E+20,68845321718,37317666718,20041614618,13879234.5,446498238.5,80912672.5,1.710526316,9.46E+18,3
1.43E+17,1.33E+17,6.65E+16,1.91E+13,5.64E+14,5.62E+14,2.457627119,2.93E+32,5.26E+17,4.31E+17,2.15E+17,6.19E+13,2.11E+15,1.54E+15,2.457627119,1.10E+33,6.75E+17,5.30E+17,2.65E+17,7.61E+13,3.09E+15,1.40E+15,2.457627119,1.40E+33,6.76E+17,5.30E+17,2.65E+17,7.62E+13,3.10E+15,1.40E+15,2.457627119,1.42E+33,1.04E+17,9.93E+16,4.96E+16,1.43E+13,4.21E+14,4.20E+14,2.457627119,2.30E+32,3.38E+16,3.32E+16,1.66E+16,4.77E+12,1.41E+14,1.40E+14,2.457627119,7.24E+31,1.01E+12,5.59E+11,2.81E+11,80588649.31,4421145538,339504260,2.457627119,1.06E+21,4.34E+11,2.54E+11,1.28E+11,36838353,1907352120,269314807.5,2.457627119,3.79E+20,3
2.61E+17,2.32E+17,1.16E+17,3.33E+13,1.41E+15,8.41E+14,2.457627119,5.51E+32,5.75E+17,4.47E+17,2.32E+17,6.66E+13,2.53E+15,1.40E+15,2.457627119,1.19E+33,5.26E+17,4.14E+17,2.15E+17,6.19E+13,2.25E+15,1.68E+15,2.457627119,1.10E+33,9.47E+17,6.96E+17,3.48E+17,1.00E+14,4.65E+15,1.25E+15,2.457627119,1.96E+33,6.86E+16,6.62E+16,3.31E+16,9.52E+12,2.81E+14,2.80E+14,2.457627119,1.42E+32,2.05E+12,1.09E+12,5.48E+11,157415470.1,9009519580,543324679.5,2.457627119,3.32E+21,7.10E+11,4.05E+11,2.03E+11,58326950.44,3180598101,436837959,2.457627119,5.88E+20,1.76E+11,99501336529,50554804074,14523069.25,796881169,88816817,2.457627119,4.00E+19,3
8.38E+17,6.30E+17,3.15E+17,9.05E+13,3.96E+15,1.65E+15,2.457627119,1.79E+33,7.80E+17,5.96E+17,2.98E+17,8.57E+13,3.52E+15,1.82E+15,2.457627119,1.62E+33,6.75E+17,5.30E+17,2.65E+17,7.62E+13,3.09E+15,1.40E+15,2.457627119,1.41E+33,8.92E+17,6.63E+17,3.32E+17,9.53E+13,3.67E+15,1.95E+15,2.457627119,1.85E+33,1.86E+12,1.06E+12,5.28E+11,151580615.6,8373057736,779550544,2.457627119,3.77E+21,1.46E+12,8.07E+11,4.04E+11,115929932,6210701436,789516122,2.457627119,2.30E+21,4.75E+11,2.72E+11,1.36E+11,39079696.31,2105283705,211527266.5,2.457627119,3.42E+20,1.33E+11,76820218990,38410119053,11034219.78,561256488,102386288,2.457627119,2.36E+19,3
1.12E+18,7.96E+17,3.98E+17,1.14E+14,4.79E+15,1.95E+15,2.457627119,2.32E+33,7.80E+17,5.97E+17,2.98E+17,8.57E+13,3.10E+15,1.96E+15,2.457627119,1.63E+33,5.75E+17,4.64E+17,2.32E+17,6.66E+13,2.53E+15,1.40E+15,2.457627119,1.19E+33,4.35E+17,3.65E+17,1.82E+17,5.24E+13,1.84E+15,1.26E+15,2.457627119,9.10E+32,3.37E+16,3.31E+16,1.66E+16,4.76E+12,1.41E+14,1.40E+14,2.457627119,6.98E+31,1.23E+12,6.69E+11,3.35E+11,96294970.47,5264377761,463660738.5,2.457627119,1.38E+21,3.99E+11,2.16E+11,1.08E+11,31137380.03,1695222752,161102126,2.457627119,1.42E+20,1.19E+11,64138590309,33172395292,9529559.119,513636306.5,52041290.5,2.457627119,1.37E+19,3
1.50E+17,1.35E+17,6.73E+16,1.93E+13,8.62E+14,2.79E+14,2.457627119,2.94E+32,5.28E+17,4.31E+17,2.15E+17,6.19E+13,2.25E+15,1.68E+15,2.457627119,1.09E+33,2.60E+17,2.32E+17,1.16E+17,3.33E+13,9.85E+14,9.79E+14,2.457627119,5.37E+32,5.75E+17,4.64E+17,2.32E+17,6.66E+13,1.97E+15,1.96E+15,2.457627119,1.19E+33,2.60E+17,2.32E+17,1.16E+17,3.33E+13,1.54E+15,4.20E+14,2.457627119,5.51E+32,6.75E+17,5.30E+17,2.65E+17,7.61E+13,2.81E+15,1.68E+15,2.457627119,1.40E+33,1.05E+17,9.94E+16,4.97E+16,1.43E+13,4.22E+14,4.21E+14,2.457627119,2.16E+32,1.51E+12,9.17E+11,4.59E+11,131778711.8,6693475359,1383741635,2.457627119,3.40E+21,3
5.35E+17,4.32E+17,2.16E+17,6.20E+13,2.15E+15,1.51E+15,2.457627119,1.10E+33,6.76E+17,5.30E+17,2.65E+17,7.62E+13,2.82E+15,1.68E+15,2.457627119,1.41E+33,4.79E+17,3.98E+17,1.99E+17,5.71E+13,2.25E+15,1.12E+15,2.457627119,1.00E+33,5.27E+17,4.31E+17,2.15E+17,6.19E+13,3.09E+15,8.38E+14,2.457627119,1.09E+33,6.85E+16,6.62E+16,3.31E+16,9.51E+12,2.81E+14,2.80E+14,2.457627119,1.44E+32,3.37E+16,3.31E+16,1.65E+16,4.75E+12,1.40E+14,1.40E+14,2.457627119,6.96E+31,9.00E+11,5.52E+11,2.76E+11,79266784.27,4153417265,622604303,2.457627119,1.87E+21,2.63E+11,1.71E+11,85291891461,24502123.37,1182547265,278342663,2.457627119,3.17E+20,3
6.90E+17,5.32E+17,2.66E+17,7.64E+13,3.13E+15,1.37E+15,2.457627119,1.40E+33,6.26E+17,4.97E+17,2.49E+17,7.14E+13,2.40E+15,1.81E+15,2.457627119,1.31E+33,3.44E+17,2.98E+17,1.49E+17,4.28E+13,1.55E+15,9.81E+14,2.457627119,7.12E+32,2.19E+17,1.99E+17,9.94E+16,2.86E+13,8.43E+14,8.41E+14,2.457627119,4.53E+32,6.86E+16,6.62E+16,3.31E+16,9.51E+12,7.02E+14,1.40E+14,2.457627119,1.49E+32,4.33E+17,3.64E+17,1.82E+17,5.23E+13,2.11E+15,9.80E+14,2.457627119,9.08E+32,3.37E+16,3.31E+16,1.65E+16,4.75E+12,1.41E+14,1.40E+14,2.457627119,6.96E+31,8.42E+11,5.15E+11,2.57E+11,73958660.37,3450448156,1026173496,2.457627119,1.42E+21,3
8.42E+17,6.30E+17,3.15E+17,9.05E+13,3.28E+15,2.06E+15,2.457627119,1.73E+33,4.33E+17,3.65E+17,1.82E+17,5.24E+13,1.83E+15,1.26E+15,2.457627119,8.98E+32,1.05E+17,9.94E+16,4.97E+16,1.43E+13,4.22E+14,4.21E+14,2.457627119,2.19E+32,1.80E+17,1.66E+17,8.29E+16,2.38E+13,7.03E+14,7.02E+14,2.457627119,3.75E+32,1.04E+17,9.93E+16,4.96E+16,1.43E+13,4.21E+14,4.20E+14,2.457627119,2.18E+32,4.33E+17,3.64E+17,1.82E+17,5.23E+13,2.25E+15,1.12E+15,2.457627119,9.09E+32,6.87E+16,6.63E+16,3.31E+16,9.52E+12,2.81E+14,2.80E+14,2.457627119,1.42E+32,9.80E+11,5.64E+11,2.82E+11,80965427.46,4379720579,509726877,2.457627119,1.32E+21,3
1.18E+18,8.29E+17,4.14E+17,1.19E+14,5.35E+15,1.95E+15,2.457627119,2.45E+33,6.75E+17,5.30E+17,2.65E+17,7.62E+13,2.95E+15,1.82E+15,2.457627119,1.48E+33,3.88E+17,3.31E+17,1.66E+17,4.76E+13,1.69E+15,1.12E+15,2.457627119,8.05E+32,7.82E+17,5.97E+17,2.98E+17,8.57E+13,3.52E+15,1.81E+15,2.457627119,1.61E+33,1.81E+12,1.05E+12,5.24E+11,150637546.4,8096053524,824889242,2.457627119,4.25E+21,1.34E+12,7.44E+11,3.72E+11,106868446.3,5664177982,723852150,2.457627119,1.82E+21,4.61E+11,2.71E+11,1.35E+11,38912880.49,1866668530,445111519.5,2.457627119,4.71E+20,1.86E+11,1.36E+11,68200182877,19592123.78,742687842.5,418602056.5,2.457627119,5.26E+20,3
5.77E+17,4.64E+17,2.32E+17,6.66E+13,2.81E+15,1.12E+15,2.457627119,1.19E+33,4.79E+17,3.97E+17,1.99E+17,5.71E+13,1.97E+15,1.40E+15,2.457627119,1.01E+33,3.88E+17,3.31E+17,1.66E+17,4.76E+13,1.97E+15,8.40E+14,2.457627119,8.05E+32,7.82E+17,5.97E+17,2.98E+17,8.57E+13,3.39E+15,1.67E+15,2.457627119,1.62E+33,6.85E+16,6.62E+16,3.31E+16,9.51E+12,2.81E+14,2.80E+14,2.457627119,1.48E+32,3.38E+16,1.66E+16,1.66E+16,4.77E+12,1.41E+14,1.41E+14,2.457627119,7.25E+31,4.88E+11,2.74E+11,1.37E+11,39361598.32,2212928712,109874814,2.457627119,2.44E+20,1.74E+11,1.04E+11,52137807409,14977824.59,729273411.5,155546083.5,2.457627119,5.09E+19,3
4.32E+17,3.44E+17,1.72E+17,6.61E+13,2.27E+15,1.11E+15,2.124183007,7.62E+32,4.26E+17,3.44E+17,1.72E+17,6.61E+13,2.25E+15,1.12E+15,2.124183007,7.66E+32,2.28E+17,2.01E+17,1.00E+17,3.86E+13,1.55E+15,4.20E+14,2.124183007,4.10E+32,2.66E+17,2.29E+17,1.15E+17,4.41E+13,1.13E+15,1.11E+15,2.124183007,4.81E+32,1.80E+12,9.99E+11,5.03E+11,193358944.2,9113667910,950871781.5,2.124183007,3.70E+21,1.94E+12,1.07E+12,5.41E+11,207953812.2,10207069154,483436213.5,2.124183007,4.42E+21,6.61E+11,3.92E+11,1.96E+11,75516810.27,3820365198,254733890,2.124183007,7.44E+20,2.44E+11,1.68E+11,84742715727,32580821.12,1219514867,454944899,2.124183007,6.03E+20,3
6.29E+17,4.97E+17,2.49E+17,7.14E+13,2.15E+15,2.07E+15,2.457627119,1.31E+33,4.79E+17,3.98E+17,1.99E+17,5.71E+13,1.97E+15,1.40E+15,2.457627119,1.00E+33,6.75E+17,5.14E+17,2.65E+17,7.62E+13,3.09E+15,1.40E+15,2.457627119,1.40E+33,1.12E+18,7.96E+17,3.98E+17,1.14E+14,5.07E+15,1.68E+15,2.457627119,2.32E+33,1.04E+17,9.93E+16,4.97E+16,1.43E+13,7.02E+14,1.40E+14,2.457627119,2.16E+32,1.38E+12,7.88E+11,4.01E+11,115154140.1,5633034893,1182607537,2.457627119,2.77E+21,5.41E+11,3.15E+11,1.60E+11,45947116.53,2298772444,456356535.5,2.457627119,5.35E+20,1.59E+11,1.02E+11,51281566192,14731848.95,722091040,170378324,2.457627119,9.69E+19,3
6.78E+17,5.30E+17,2.65E+17,7.61E+13,2.82E+15,1.67E+15,2.457627119,1.41E+33,4.34E+17,3.64E+17,1.82E+17,5.23E+13,1.98E+15,1.39E+15,2.457627119,8.95E+32,2.60E+17,2.32E+17,1.16E+17,3.33E+13,9.85E+14,9.82E+14,2.457627119,5.38E+32,7.28E+17,5.63E+17,2.82E+17,8.09E+13,2.96E+15,1.81E+15,2.457627119,1.52E+33,1.65E+12,9.71E+11,4.87E+11,139921306.3,7236022143,1204213339,2.457627119,3.78E+21,9.62E+11,5.35E+11,2.68E+11,77073802.24,4232734052,502310280,2.457627119,8.79E+20,3.12E+11,1.81E+11,91073265884,26162960.61,1359184070,204572750,2.457627119,1.45E+20,1.15E+11,70493201003,35701066439,10255980.02,525292940,82105106,2.457627119,4.07E+19,3
8.39E+17,6.30E+17,3.15E+17,9.05E+13,3.53E+15,1.81E+15,2.457627119,1.73E+33,5.27E+17,4.31E+17,2.15E+17,6.19E+13,2.11E+15,1.54E+15,2.457627119,1.09E+33,6.24E+17,4.97E+17,2.48E+17,7.14E+13,2.11E+15,2.10E+15,2.457627119,1.31E+33,7.81E+17,5.97E+17,2.98E+17,8.57E+13,3.38E+15,1.67E+15,2.457627119,1.63E+33,3.37E+16,3.31E+16,1.66E+16,4.75E+12,1.41E+14,1.40E+14,2.457627119,7.20E+31,3.37E+16,3.31E+16,1.65E+16,4.75E+12,1.40E+14,1.40E+14,2.457627119,7.19E+31,4.80E+11,2.79E+11,1.40E+11,40122712.73,2224774666,176570985.5,2.457627119,3.25E+20,1.73E+11,1.08E+11,54085094975,15537229.24,771920077.5,177334883.5,2.457627119,7.29E+19,3
6.83E+17,5.31E+17,2.65E+17,7.63E+13,2.56E+15,1.94E+15,2.457627119,1.40E+33,8.35E+17,6.29E+17,3.15E+17,9.04E+13,4.50E+15,1.12E+15,2.457627119,1.73E+33,3.01E+17,2.65E+17,1.33E+17,3.81E+13,1.13E+15,1.12E+15,2.457627119,6.30E+32,3.89E+17,3.31E+17,1.66E+17,4.76E+13,2.39E+15,7.00E+14,2.457627119,8.03E+32,6.85E+16,4.97E+16,3.31E+16,9.51E+12,2.81E+14,2.80E+14,2.457627119,1.42E+32,1.06E+12,5.59E+11,3.07E+11,88293832.66,4535432428,709222948,2.457627119,1.78E+21,4.96E+11,2.68E+11,1.49E+11,42682184.44,2178533925,407992126.5,2.457627119,4.68E+20,1.85E+11,98610463315,63277262643,18177897.92,868457377.5,205507543.5,2.457627119,2.44E+20,3
2.68E+17,2.33E+17,1.17E+17,3.35E+13,1.05E+15,9.26E+14,2.457627119,5.41E+32,8.90E+17,6.46E+17,3.31E+17,9.52E+13,3.94E+15,1.68E+15,2.457627119,1.85E+33,5.26E+17,4.31E+17,2.15E+17,6.19E+13,2.11E+15,1.54E+15,2.457627119,1.09E+33,6.75E+17,5.30E+17,2.65E+17,7.62E+13,3.23E+15,1.54E+15,2.457627119,1.40E+33,1.89E+12,1.10E+12,5.61E+11,161070222.1,7695274165,1861305041,2.457627119,4.78E+21,3.37E+16,3.31E+16,1.65E+16,4.75E+12,1.40E+14,1.40E+14,2.457627119,6.96E+31,6.96E+11,4.32E+11,2.16E+11,62185109.51,2855316248,819226854,2.457627119,1.02E+21,3.38E+16,3.32E+16,1.66E+16,4.77E+12,1.41E+14,1.41E+14,2.457627119,7.25E+31,3
1.64E+17,1.45E+17,7.24E+16,2.78E+13,7.43E+14,6.76E+14,2.124183007,2.82E+32,3.45E+17,2.86E+17,1.43E+17,5.51E+13,1.70E+15,1.11E+15,2.124183007,6.19E+32,1.92E+17,1.72E+17,8.59E+16,3.30E+13,1.12E+15,5.61E+14,2.124183007,3.55E+32,1.92E+17,1.72E+17,8.59E+16,3.30E+13,8.45E+14,8.40E+14,2.124183007,3.56E+32,2.65E+17,2.29E+17,1.14E+17,4.40E+13,1.12E+15,1.12E+15,2.124183007,4.74E+32,3.43E+17,2.86E+17,1.43E+17,5.51E+13,1.69E+15,1.12E+15,2.124183007,6.26E+32,1.24E+17,1.14E+17,5.72E+16,2.20E+13,5.62E+14,5.61E+14,2.124183007,2.23E+32,6.03E+11,3.71E+11,1.85E+11,71308448.31,2771621710,881829075.5,2.124183007,6.36E+20,3
1.42E+17,1.31E+17,6.54E+16,1.95E+13,5.88E+14,5.40E+14,2.543103448,2.88E+32,4.73E+17,3.91E+17,1.96E+17,5.81E+13,2.53E+15,8.40E+14,2.543103448,9.67E+32,3.39E+17,2.93E+17,1.47E+17,4.36E+13,2.11E+15,4.20E+14,2.543103448,6.90E+32,6.75E+16,6.52E+16,3.26E+16,9.69E+12,2.81E+14,2.81E+14,2.543103448,1.42E+32,6.75E+16,6.51E+16,3.26E+16,9.68E+12,2.81E+14,2.80E+14,2.543103448,1.42E+32,2.97E+17,2.61E+17,1.30E+17,3.87E+13,1.69E+15,5.60E+14,2.543103448,6.08E+32,2.16E+12,1.26E+12,6.34E+11,188411905.5,9441765326,1486125194,2.543103448,6.13E+21,7.55E+11,4.43E+11,2.21E+11,65830951.28,3231259283,586935891,2.543103448,8.27E+20,3
2.69E+17,2.34E+17,1.17E+17,3.37E+13,1.01E+15,9.79E+14,2.457627119,5.40E+32,5.82E+17,4.65E+17,2.33E+17,6.68E+13,2.27E+15,1.67E+15,2.457627119,1.21E+33,2.20E+17,1.99E+17,9.95E+16,2.86E+13,8.66E+14,8.21E+14,2.457627119,4.68E+32,3.39E+16,3.32E+16,1.66E+16,4.77E+12,1.41E+14,1.41E+14,2.457627119,7.19E+31,1.05E+17,9.97E+16,4.98E+16,1.43E+13,4.50E+14,3.95E+14,2.457627119,2.19E+32,6.91E+16,6.64E+16,3.32E+16,9.54E+12,3.01E+14,2.62E+14,2.457627119,1.42E+32,6.91E+16,6.66E+16,3.33E+16,9.56E+12,2.84E+14,2.80E+14,2.457627119,1.45E+32,3.40E+16,3.33E+16,1.66E+16,4.78E+12,1.42E+14,1.40E+14,2.457627119,7.23E+31,3
2.22E+17,1.99E+17,9.96E+16,2.86E+13,8.70E+14,8.19E+14,2.457627119,4.60E+32,3.45E+17,2.98E+17,1.49E+17,4.28E+13,1.55E+15,9.74E+14,2.457627119,7.14E+32,1.42E+17,1.33E+17,6.63E+16,1.90E+13,5.63E+14,5.61E+14,2.457627119,2.96E+32,2.19E+17,1.99E+17,9.95E+16,2.86E+13,1.27E+15,7.01E+14,2.457627119,4.56E+32,3.37E+16,3.31E+16,1.66E+16,4.76E+12,1.41E+14,1.40E+14,2.457627119,7.21E+31,1.05E+17,9.93E+16,4.97E+16,1.43E+13,4.22E+14,4.20E+14,2.457627119,2.23E+32,1.66E+12,9.44E+11,4.72E+11,135560712.6,7477075241,943967158.5,2.457627119,2.80E+21,5.01E+11,3.03E+11,1.52E+11,43568392.47,2344838537,262287020.5,2.457627119,4.43E+20,3
5.14E+16,4.24E+16,2.12E+16,6.09E+12,2.64E+14,9.58E+13,2.457627119,7.08E+31,5.84E+17,4.64E+17,2.32E+17,6.67E+13,2.30E+15,1.64E+15,2.457627119,1.24E+33,4.80E+17,3.98E+17,1.99E+17,5.71E+13,1.69E+15,1.68E+15,2.457627119,1.03E+33,2.19E+17,1.99E+17,9.94E+16,2.86E+13,8.43E+14,8.42E+14,2.457627119,4.68E+32,6.85E+16,6.62E+16,3.31E+16,9.51E+12,2.81E+14,2.80E+14,2.457627119,1.44E+32,6.86E+16,6.63E+16,3.31E+16,9.52E+12,2.81E+14,2.81E+14,2.457627119,1.44E+32,1.36E+12,8.40E+11,4.20E+11,120655470.4,6724576594,914437879.5,2.457627119,2.95E+21,3.37E+16,3.31E+16,1.65E+16,4.75E+12,1.41E+14,1.40E+14,2.457627119,6.96E+31,3
3.05E+17,2.66E+17,1.33E+17,3.82E+13,1.14E+15,1.11E+15,2.457627119,6.25E+32,2.20E+17,1.99E+17,9.94E+16,2.85E+13,8.45E+14,8.39E+14,2.457627119,4.77E+32,1.42E+17,1.32E+17,6.62E+16,1.90E+13,5.62E+14,5.61E+14,2.457627119,2.95E+32,1.05E+17,9.95E+16,4.97E+16,1.43E+13,4.22E+14,4.21E+14,2.457627119,2.31E+32,1.80E+17,1.66E+17,8.28E+16,2.38E+13,9.84E+14,4.20E+14,2.457627119,3.74E+32,2.60E+17,2.32E+17,1.16E+17,3.33E+13,1.26E+15,7.00E+14,2.457627119,5.36E+32,6.85E+16,6.62E+16,3.31E+16,9.51E+12,2.81E+14,2.80E+14,2.457627119,1.49E+32,5.05E+11,3.22E+11,1.61E+11,46225068.93,2209110717,536230850.5,2.457627119,9.39E+20,3
2.26E+17,2.00E+17,1.00E+17,2.87E+13,1.14E+15,5.53E+14,2.457627119,4.55E+32,8.36E+17,6.30E+17,3.15E+17,9.04E+13,2.96E+15,2.37E+15,2.457627119,1.74E+33,3.37E+16,3.31E+16,1.66E+16,4.76E+12,1.43E+14,1.38E+14,2.457627119,7.20E+31,1.42E+17,1.32E+17,6.62E+16,1.90E+13,5.63E+14,5.60E+14,2.457627119,2.93E+32,3.37E+16,3.31E+16,1.66E+16,4.75E+12,1.40E+14,1.40E+14,2.457627119,6.96E+31,1.00E+18,7.29E+17,3.64E+17,1.05E+14,5.20E+15,1.26E+15,2.457627119,2.07E+33,3.88E+17,3.31E+17,1.66E+17,4.76E+13,1.41E+15,1.40E+15,2.457627119,8.02E+32,3.37E+16,3.31E+16,1.66E+16,4.76E+12,1.41E+14,1.40E+14,2.457627119,6.97E+31,4
1.03E+16,7.11E+15,3.56E+15,1.02E+12,4.06E+13,1.97E+13,2.457627119,3.17E+29,3.49E+17,2.99E+17,1.49E+17,4.29E+13,1.71E+15,1.10E+15,2.457627119,7.15E+32,2.60E+17,2.32E+17,1.16E+17,3.33E+13,1.27E+15,7.00E+14,2.457627119,5.72E+32,1.42E+17,1.33E+17,6.63E+16,1.90E+13,5.62E+14,5.61E+14,2.457627119,2.93E+32,3.88E+17,3.31E+17,1.66E+17,4.76E+13,1.69E+15,1.12E+15,2.457627119,8.25E+32,8.89E+17,6.63E+17,3.31E+17,9.52E+13,3.37E+15,2.24E+15,2.457627119,1.84E+33,3.44E+17,2.98E+17,1.49E+17,4.28E+13,1.55E+15,9.80E+14,2.457627119,7.19E+32,3.37E+16,3.31E+16,1.65E+16,4.75E+12,1.40E+14,1.40E+14,2.457627119,6.96E+31,4
1.59E+17,1.38E+17,6.92E+16,1.99E+13,6.52E+14,5.24E+14,2.457627119,3.09E+32,6.30E+17,4.97E+17,2.49E+17,7.15E+13,2.14E+15,2.07E+15,2.457627119,1.29E+33,1.80E+17,1.66E+17,8.28E+16,2.38E+13,7.02E+14,7.01E+14,2.457627119,3.72E+32,2.60E+17,2.32E+17,1.16E+17,3.33E+13,1.54E+15,4.20E+14,2.457627119,5.39E+32,3.88E+17,3.31E+17,1.66E+17,4.76E+13,1.97E+15,8.41E+14,2.457627119,8.02E+32,6.24E+17,4.97E+17,2.49E+17,7.14E+13,2.95E+15,1.26E+15,2.457627119,1.33E+33,3.01E+17,2.65E+17,1.33E+17,3.81E+13,1.13E+15,1.12E+15,2.457627119,6.23E+32,6.85E+16,4.96E+16,3.31E+16,9.51E+12,2.81E+14,2.80E+14,2.457627119,1.48E+32,4
1.47E+17,1.34E+17,6.70E+16,1.93E+13,5.71E+14,5.65E+14,2.457627119,2.94E+32,3.03E+17,2.65E+17,1.33E+17,3.81E+13,1.69E+15,5.54E+14,2.457627119,6.27E+32,3.44E+17,2.98E+17,1.49E+17,4.28E+13,1.55E+15,9.81E+14,2.457627119,7.19E+32,2.60E+17,2.32E+17,1.16E+17,3.33E+13,9.85E+14,9.80E+14,2.457627119,5.44E+32,2.60E+17,2.32E+17,1.16E+17,3.33E+13,1.40E+15,8.40E+14,2.457627119,5.39E+32,6.75E+17,5.30E+17,2.65E+17,7.62E+13,3.79E+15,9.81E+14,2.457627119,1.40E+33,1.42E+17,1.33E+17,6.63E+16,1.90E+13,9.83E+14,4.20E+14,2.457627119,2.93E+32,6.86E+16,6.63E+16,3.31E+16,9.52E+12,2.81E+14,2.80E+14,2.457627119,1.42E+32,4
2.03E+17,1.56E+17,8.65E+16,2.49E+13,1.07E+15,3.97E+14,2.457627119,3.89E+32,4.37E+17,3.48E+17,1.82E+17,5.24E+13,2.12E+15,9.71E+14,2.457627119,8.98E+32,1.05E+17,9.95E+16,4.97E+16,1.43E+13,4.22E+14,4.21E+14,2.457627119,2.16E+32,3.44E+17,2.98E+17,1.49E+17,4.28E+13,1.26E+15,1.26E+15,2.457627119,7.25E+32,1.42E+17,1.32E+17,6.62E+16,1.90E+13,9.83E+14,4.20E+14,2.457627119,2.93E+32,8.34E+17,6.30E+17,3.15E+17,9.04E+13,3.52E+15,1.82E+15,2.457627119,1.73E+33,3.02E+17,2.65E+17,1.33E+17,3.81E+13,1.41E+15,8.40E+14,2.457627119,6.38E+32,6.86E+16,6.63E+16,3.31E+16,9.52E+12,7.01E+14,1.41E+14,2.457627119,1.42E+32,4
3.12E+17,2.67E+17,1.34E+17,3.84E+13,1.85E+15,6.94E+14,2.457627119,6.32E+32,4.80E+17,3.98E+17,1.99E+17,5.71E+13,2.25E+15,1.12E+15,2.457627119,9.98E+32,1.05E+17,9.94E+16,4.97E+16,1.43E+13,4.22E+14,4.21E+14,2.457627119,2.16E+32,1.42E+17,1.32E+17,6.62E+16,1.90E+13,8.42E+14,2.80E+14,2.457627119,2.93E+32,1.05E+17,9.94E+16,4.97E+16,1.43E+13,4.21E+14,4.21E+14,2.457627119,2.23E+32,8.88E+17,6.63E+17,3.31E+17,9.52E+13,3.79E+15,2.10E+15,2.457627119,1.87E+33,3.88E+17,3.31E+17,1.66E+17,4.76E+13,1.69E+15,1.12E+15,2.457627119,8.17E+32,1.14E+12,6.43E+11,3.23E+11,92685066.25,5047084914,674398459.5,2.457627119,1.28E+21,4
1.53E+17,1.36E+17,6.79E+16,1.95E+13,8.78E+14,2.73E+14,2.457627119,2.94E+32,5.78E+17,4.64E+17,2.32E+17,6.67E+13,2.28E+15,1.66E+15,2.457627119,1.20E+33,2.19E+17,1.82E+17,9.95E+16,2.86E+13,8.44E+14,8.42E+14,2.457627119,4.54E+32,1.80E+17,1.66E+17,8.28E+16,2.38E+13,7.02E+14,7.01E+14,2.457627119,4.07E+32,2.19E+17,1.99E+17,9.93E+16,2.85E+13,1.12E+15,5.61E+14,2.457627119,4.60E+32,7.27E+17,5.63E+17,2.82E+17,8.09E+13,3.51E+15,1.26E+15,2.457627119,1.50E+33,2.19E+17,1.99E+17,9.94E+16,2.86E+13,8.43E+14,8.42E+14,2.457627119,4.61E+32,3.37E+16,3.31E+16,1.65E+16,4.75E+12,1.40E+14,1.40E+14,2.457627119,7.19E+31,4
1.91E+17,1.68E+17,8.41E+16,2.42E+13,7.59E+14,6.66E+14,2.457627119,3.76E+32,5.30E+17,4.31E+17,2.15E+17,6.19E+13,2.54E+15,1.39E+15,2.457627119,1.09E+33,4.33E+17,3.64E+17,1.82E+17,5.23E+13,1.55E+15,1.54E+15,2.457627119,9.30E+32,4.33E+17,3.64E+17,1.82E+17,5.23E+13,2.11E+15,9.81E+14,2.457627119,8.95E+32,3.88E+17,3.15E+17,1.66E+17,4.76E+13,1.97E+15,8.41E+14,2.457627119,8.25E+32,5.26E+17,4.31E+17,2.15E+17,6.18E+13,2.39E+15,1.26E+15,2.457627119,1.10E+33,1.05E+17,9.94E+16,4.97E+16,1.43E+13,4.22E+14,4.20E+14,2.457627119,2.16E+32,1.25E+12,8.18E+11,4.09E+11,117557263.8,5385251382,1639778548,2.457627119,4.08E+21,4
1.89E+17,1.68E+17,8.40E+16,2.41E+13,7.44E+14,6.79E+14,2.457627119,3.73E+32,7.30E+17,5.64E+17,2.82E+17,8.10E+13,2.83E+15,2.23E+15,2.457627119,1.52E+33,3.88E+17,3.32E+17,1.66E+17,4.76E+13,1.69E+15,1.12E+15,2.457627119,8.10E+32,6.87E+16,6.63E+16,3.31E+16,9.52E+12,2.81E+14,2.80E+14,2.457627119,1.42E+32,4.79E+17,3.81E+17,1.99E+17,5.71E+13,1.97E+15,1.40E+15,2.457627119,9.98E+32,6.24E+17,4.97E+17,2.48E+17,7.14E+13,2.95E+15,1.26E+15,2.457627119,1.30E+33,2.19E+17,1.99E+17,9.93E+16,2.85E+13,8.43E+14,8.40E+14,2.457627119,4.55E+32,3.37E+16,3.31E+16,1.66E+16,4.76E+12,1.40E+14,1.40E+14,2.457627119,7.20E+31,4
3.34E+16,2.83E+16,1.42E+16,7.68E+12,1.85E+14,1.45E+14,1.790697674,3.77E+31,2.31E+17,1.93E+17,9.67E+16,5.23E+13,1.69E+15,5.60E+14,1.790697674,3.46E+32,1.66E+17,1.45E+17,7.25E+16,3.92E+13,1.13E+15,5.55E+14,1.790697674,2.49E+32,2.29E+17,1.93E+17,9.66E+16,5.22E+13,1.69E+15,5.61E+14,1.790697674,3.48E+32,2.29E+17,1.93E+17,9.65E+16,5.22E+13,1.40E+15,8.41E+14,1.790697674,3.45E+32,1.65E+17,1.45E+17,7.25E+16,3.92E+13,1.12E+15,5.61E+14,1.790697674,2.49E+32,1.97E+17,1.69E+17,8.45E+16,4.57E+13,1.26E+15,7.01E+14,1.790697674,3.22E+32,1.35E+17,1.21E+17,6.05E+16,3.27E+13,1.69E+15,514006034,1.790697674,2.06E+32,4
5.25E+16,4.22E+16,2.11E+16,6.06E+12,2.14E+14,1.44E+14,2.457627119,7.32E+31,6.26E+17,4.97E+17,2.49E+17,7.14E+13,2.68E+15,1.54E+15,2.457627119,1.29E+33,3.44E+17,2.98E+17,1.49E+17,4.28E+13,1.97E+15,8.41E+14,2.457627119,7.14E+32,2.19E+17,1.99E+17,9.93E+16,2.85E+13,8.43E+14,8.41E+14,2.457627119,4.53E+32,6.85E+16,6.62E+16,3.31E+16,9.51E+12,2.83E+14,2.78E+14,2.457627119,1.42E+32,1.05E+17,9.93E+16,4.97E+16,1.43E+13,4.23E+14,4.19E+14,2.457627119,2.16E+32,3.37E+16,3.32E+16,1.66E+16,4.76E+12,1.41E+14,1.40E+14,2.457627119,7.22E+31,6.87E+16,6.64E+16,3.32E+16,9.54E+12,2.82E+14,2.81E+14,2.457627119,1.43E+32,4
1.49E+17,1.35E+17,6.73E+16,1.93E+13,6.29E+14,5.11E+14,2.457627119,3.01E+32,3.03E+17,2.49E+17,1.33E+17,3.81E+13,1.14E+15,1.11E+15,2.457627119,6.47E+32,3.44E+17,2.98E+17,1.49E+17,4.28E+13,1.27E+15,1.26E+15,2.457627119,7.46E+32,3.01E+17,2.65E+17,1.33E+17,3.81E+13,1.13E+15,1.12E+15,2.457627119,6.31E+32,3.01E+17,2.65E+17,1.32E+17,3.81E+13,1.83E+15,7.01E+14,2.457627119,6.72E+32,1.37E+18,9.28E+17,4.64E+17,1.33E+14,5.90E+15,1.96E+15,2.457627119,2.84E+33,5.26E+17,4.31E+17,2.15E+17,6.18E+13,2.39E+15,1.26E+15,2.457627119,1.09E+33,3.38E+16,3.32E+16,1.66E+16,4.77E+12,1.41E+14,1.40E+14,2.457627119,6.99E+31,4
7.70E+16,6.99E+16,3.50E+16,1.00E+13,3.43E+14,2.54E+14,2.457627119,1.50E+32,4.35E+17,3.65E+17,1.82E+17,5.24E+13,1.83E+15,1.26E+15,2.457627119,8.98E+32,2.60E+17,2.32E+17,1.16E+17,3.33E+13,9.84E+14,9.82E+14,2.457627119,5.45E+32,2.60E+17,2.32E+17,1.16E+17,3.33E+13,9.84E+14,9.82E+14,2.457627119,5.40E+32,3.01E+17,2.65E+17,1.32E+17,3.80E+13,1.40E+15,8.41E+14,2.457627119,6.57E+32,1.18E+18,8.28E+17,4.14E+17,1.19E+14,4.36E+15,2.66E+15,2.457627119,2.47E+33,4.79E+17,3.98E+17,1.99E+17,5.71E+13,2.11E+15,1.54E+15,2.457627119,9.93E+32,3.37E+16,3.31E+16,1.66E+16,4.76E+12,1.41E+14,1.40E+14,2.457627119,6.98E+31,4
3.70E+16,3.39E+16,1.70E+16,5.61E+12,1.63E+14,1.45E+14,2.290909091,6.32E+31,1.70E+17,1.55E+17,7.73E+16,2.55E+13,7.05E+14,6.99E+14,2.290909091,3.25E+32,3.24E+17,2.78E+17,1.39E+17,4.59E+13,1.83E+15,7.01E+14,2.290909091,6.30E+32,6.42E+16,4.63E+16,3.09E+16,1.02E+13,2.84E+14,2.78E+14,2.290909091,1.30E+32,1.33E+17,1.23E+17,6.17E+16,2.04E+13,5.62E+14,5.60E+14,2.290909091,2.58E+32,1.07E+18,7.41E+17,3.71E+17,1.23E+14,4.78E+15,1.96E+15,2.290909091,2.06E+33,3.24E+17,2.78E+17,1.39E+17,4.60E+13,1.55E+15,9.81E+14,2.290909091,6.31E+32,9.79E+16,7.72E+16,4.63E+16,1.53E+13,7.02E+14,1.40E+14,2.290909091,1.89E+32,4
2.70E+17,2.34E+17,1.17E+17,3.35E+13,1.01E+15,9.65E+14,2.457627119,5.38E+32,2.61E+17,2.32E+17,1.16E+17,3.33E+13,1.27E+15,6.98E+14,2.457627119,5.37E+32,1.80E+17,1.66E+17,8.28E+16,2.38E+13,7.03E+14,7.00E+14,2.457627119,3.72E+32,1.80E+17,1.66E+17,8.28E+16,2.38E+13,7.03E+14,7.01E+14,2.457627119,3.74E+32,2.19E+17,1.99E+17,9.94E+16,2.86E+13,8.44E+14,8.41E+14,2.457627119,4.68E+32,1.06E+18,7.62E+17,3.81E+17,1.09E+14,5.48E+15,9.80E+14,2.457627119,2.21E+33,1.80E+17,1.66E+17,8.28E+16,2.38E+13,7.03E+14,7.01E+14,2.457627119,3.86E+32,1.39E+12,8.25E+11,4.13E+11,118564690.7,6074599458,930302507.5,2.457627119,2.47E+21,4
1.89E+17,1.68E+17,8.41E+16,2.42E+13,7.84E+14,6.41E+14,2.457627119,3.76E+32,5.28E+17,4.31E+17,2.16E+17,6.19E+13,2.12E+15,1.53E+15,2.457627119,1.09E+33,1.42E+17,1.33E+17,6.63E+16,1.90E+13,5.62E+14,5.61E+14,2.457627119,3.00E+32,1.80E+17,1.66E+17,8.28E+16,2.38E+13,7.02E+14,7.01E+14,2.457627119,3.72E+32,1.42E+17,1.16E+17,6.63E+16,1.91E+13,8.44E+14,2.80E+14,2.457627119,2.96E+32,8.33E+17,6.29E+17,3.15E+17,9.04E+13,3.23E+15,2.10E+15,2.457627119,1.77E+33,2.19E+17,1.99E+17,9.94E+16,2.86E+13,8.44E+14,8.41E+14,2.457627119,4.68E+32,3.37E+16,3.31E+16,1.65E+16,4.75E+12,1.40E+14,1.40E+14,2.457627119,6.96E+31,4
2.63E+17,2.16E+17,1.16E+17,3.34E+13,1.02E+15,9.45E+14,2.457627119,5.51E+32,6.25E+17,4.80E+17,2.48E+17,7.14E+13,2.40E+15,1.81E+15,2.457627119,1.29E+33,1.42E+17,1.32E+17,6.62E+16,1.90E+13,5.62E+14,5.60E+14,2.457627119,3.00E+32,1.42E+17,1.32E+17,6.62E+16,1.90E+13,5.62E+14,5.61E+14,2.457627119,3.00E+32,3.01E+17,2.65E+17,1.32E+17,3.80E+13,1.40E+15,8.41E+14,2.457627119,6.36E+32,6.24E+17,4.97E+17,2.48E+17,7.13E+13,3.09E+15,1.40E+15,2.457627119,1.30E+33,6.86E+16,6.62E+16,3.31E+16,9.51E+12,2.81E+14,2.80E+14,2.457627119,1.44E+32,9.68E+11,5.97E+11,2.99E+11,85968007.81,4295395117,1032045785,2.457627119,1.57E+21,4
2.24E+17,2.00E+17,9.98E+16,2.87E+13,1.13E+15,5.57E+14,2.457627119,4.54E+32,5.76E+17,4.64E+17,2.32E+17,6.67E+13,2.67E+15,1.54E+15,2.457627119,1.19E+33,1.42E+17,1.32E+17,6.62E+16,1.90E+13,5.62E+14,5.61E+14,2.457627119,2.93E+32,2.60E+17,2.32E+17,1.16E+17,3.33E+13,1.40E+15,8.41E+14,2.457627119,5.39E+32,1.80E+17,1.66E+17,8.28E+16,2.38E+13,7.03E+14,7.00E+14,2.457627119,3.95E+32,8.88E+17,6.63E+17,3.31E+17,9.52E+13,3.80E+15,2.10E+15,2.457627119,1.84E+33,2.19E+17,1.99E+17,9.93E+16,2.85E+13,8.43E+14,8.40E+14,2.457627119,4.76E+32,3.37E+16,3.31E+16,1.66E+16,4.76E+12,1.40E+14,1.40E+14,2.457627119,7.20E+31,4
2.73E+17,2.35E+17,1.18E+17,3.38E+13,1.30E+15,6.96E+14,2.457627119,5.39E+32,5.76E+17,4.64E+17,2.32E+17,6.66E+13,2.25E+15,1.68E+15,2.457627119,1.21E+33,6.24E+17,4.97E+17,2.48E+17,7.14E+13,3.09E+15,1.40E+15,2.457627119,1.29E+33,3.88E+17,3.31E+17,1.66E+17,4.76E+13,1.97E+15,8.39E+14,2.457627119,8.08E+32,2.19E+17,1.99E+17,9.94E+16,2.85E+13,8.43E+14,8.41E+14,2.457627119,4.77E+32,1.06E+18,7.62E+17,3.81E+17,1.09E+14,4.50E+15,2.24E+15,2.457627119,2.22E+33,1.80E+17,1.66E+17,8.28E+16,2.38E+13,7.03E+14,7.01E+14,2.457627119,3.72E+32,1.04E+12,6.16E+11,3.08E+11,88500916.46,4837807901,548997195,2.457627119,1.56E+21,4
1.08E+17,1.01E+17,5.04E+16,1.45E+13,4.38E+14,4.16E+14,2.457627119,2.24E+32,3.44E+17,2.98E+17,1.49E+17,4.28E+13,1.27E+15,1.26E+15,2.457627119,7.25E+32,1.42E+17,1.33E+17,6.63E+16,1.90E+13,5.62E+14,5.61E+14,2.457627119,3.00E+32,1.80E+17,1.66E+17,8.28E+16,2.38E+13,7.03E+14,7.00E+14,2.457627119,3.79E+32,2.19E+17,1.99E+17,9.93E+16,2.85E+13,1.26E+15,7.01E+14,2.457627119,4.53E+32,5.75E+17,4.64E+17,2.32E+17,6.66E+13,2.95E+15,1.26E+15,2.457627119,1.19E+33,1.05E+17,9.93E+16,4.97E+16,1.43E+13,4.21E+14,4.20E+14,2.457627119,2.23E+32,1.03E+12,6.36E+11,3.18E+11,91321458.08,4372690873,1075229203,2.457627119,2.19E+21,4
3.98E+17,3.16E+17,1.66E+17,4.78E+13,1.74E+15,1.08E+15,2.457627119,8.12E+32,6.75E+17,5.14E+17,2.65E+17,7.61E+13,2.81E+15,1.68E+15,2.457627119,1.40E+33,1.42E+17,1.33E+17,6.63E+16,1.90E+13,5.62E+14,5.61E+14,2.457627119,2.93E+32,6.87E+16,6.64E+16,3.32E+16,9.53E+12,2.83E+14,2.80E+14,2.457627119,1.45E+32,1.80E+17,1.66E+17,8.28E+16,2.38E+13,7.03E+14,7.01E+14,2.457627119,3.86E+32,7.27E+17,5.47E+17,2.82E+17,8.09E+13,3.24E+15,1.54E+15,2.457627119,1.50E+33,3.44E+17,2.98E+17,1.49E+17,4.28E+13,1.27E+15,1.26E+15,2.457627119,7.18E+32,3.37E+16,3.31E+16,1.65E+16,4.75E+12,1.40E+14,1.40E+14,2.457627119,6.96E+31,4
1.14E+17,1.03E+17,5.15E+16,1.48E+13,4.65E+14,4.08E+14,2.457627119,2.19E+32,5.29E+17,4.31E+17,2.15E+17,6.19E+13,2.67E+15,9.77E+14,2.457627119,1.14E+33,3.88E+17,3.31E+17,1.66E+17,4.76E+13,1.69E+15,1.12E+15,2.457627119,8.25E+32,2.60E+17,2.32E+17,1.16E+17,3.33E+13,1.27E+15,6.99E+14,2.457627119,5.39E+32,3.44E+17,2.98E+17,1.49E+17,4.28E+13,1.55E+15,9.81E+14,2.457627119,7.25E+32,1.31E+18,8.94E+17,4.47E+17,1.28E+14,5.48E+15,2.10E+15,2.457627119,2.73E+33,4.33E+17,3.64E+17,1.82E+17,5.23E+13,1.55E+15,1.54E+15,2.457627119,8.97E+32,3.37E+16,3.31E+16,1.66E+16,4.75E+12,1.41E+14,1.40E+14,2.457627119,6.96E+31,4
2.34E+17,2.02E+17,1.01E+17,2.91E+13,9.20E+14,7.94E+14,2.457627119,4.62E+32,4.82E+17,3.98E+17,1.99E+17,5.72E+13,2.26E+15,1.11E+15,2.457627119,9.95E+32,3.01E+17,2.65E+17,1.33E+17,3.81E+13,1.40E+15,8.42E+14,2.457627119,6.30E+32,1.80E+17,1.66E+17,8.29E+16,2.38E+13,9.83E+14,4.21E+14,2.457627119,3.75E+32,3.02E+17,2.65E+17,1.33E+17,3.81E+13,1.12E+15,1.12E+15,2.457627119,6.37E+32,1.18E+18,8.28E+17,4.14E+17,1.19E+14,5.48E+15,1.54E+15,2.457627119,2.44E+33,5.74E+17,4.64E+17,2.32E+17,6.66E+13,2.25E+15,1.68E+15,2.457627119,1.19E+33,1.80E+17,1.66E+17,8.28E+16,2.38E+13,9.83E+14,4.20E+14,2.457627119,3.72E+32,4
1.52E+17,1.35E+17,6.77E+16,1.95E+13,5.90E+14,5.57E+14,2.457627119,2.95E+32,4.36E+17,3.65E+17,1.82E+17,5.24E+13,1.83E+15,1.26E+15,2.457627119,8.96E+32,1.80E+17,1.66E+17,8.29E+16,2.38E+13,1.41E+15,2.80E+14,2.457627119,3.86E+32,2.60E+17,2.32E+17,1.16E+17,3.33E+13,1.27E+15,6.99E+14,2.457627119,5.37E+32,2.19E+17,1.99E+17,9.94E+16,2.86E+13,1.12E+15,5.61E+14,2.457627119,4.56E+32,6.75E+17,5.30E+17,2.65E+17,7.61E+13,3.09E+15,1.40E+15,2.457627119,1.40E+33,4.79E+17,3.98E+17,1.99E+17,5.71E+13,1.97E+15,1.40E+15,2.457627119,1.01E+33,1.45E+12,9.37E+11,4.69E+11,134642785.8,6512914178,1449733112,2.457627119,4.22E+21,4
1.55E+17,1.37E+17,6.83E+16,1.96E+13,6.58E+14,5.01E+14,2.457627119,3.02E+32,6.80E+17,5.30E+17,2.65E+17,7.62E+13,3.11E+15,1.38E+15,2.457627119,1.40E+33,3.01E+17,2.65E+17,1.32E+17,3.81E+13,1.40E+15,8.41E+14,2.457627119,6.25E+32,4.33E+17,3.64E+17,1.82E+17,5.23E+13,1.83E+15,1.26E+15,2.457627119,9.18E+32,3.44E+17,2.98E+17,1.49E+17,4.28E+13,1.83E+15,7.01E+14,2.457627119,7.14E+32,2.60E+17,2.32E+17,1.16E+17,3.33E+13,9.85E+14,9.81E+14,2.457627119,5.37E+32,5.26E+17,4.31E+17,2.15E+17,6.19E+13,2.39E+15,1.26E+15,2.457627119,1.09E+33,1.42E+12,9.15E+11,4.57E+11,131410485.1,6155629776,1615422572,2.457627119,4.08E+21,4
4.75E+16,4.01E+16,2.01E+16,5.76E+12,1.87E+14,1.53E+14,2.457627119,7.30E+31,4.37E+17,3.65E+17,1.82E+17,5.24E+13,1.84E+15,1.25E+15,2.457627119,8.97E+32,6.75E+17,5.30E+17,2.65E+17,7.62E+13,3.52E+15,1.26E+15,2.457627119,1.40E+33,2.60E+17,2.32E+17,1.16E+17,3.33E+13,9.84E+14,9.81E+14,2.457627119,5.51E+32,2.60E+17,2.32E+17,1.16E+17,3.33E+13,9.84E+14,9.82E+14,2.457627119,5.37E+32,6.75E+17,5.30E+17,2.65E+17,7.61E+13,2.81E+15,1.68E+15,2.457627119,1.40E+33,6.24E+17,4.97E+17,2.49E+17,7.14E+13,2.11E+15,2.10E+15,2.457627119,1.30E+33,3.37E+16,3.31E+16,1.65E+16,4.75E+12,1.40E+14,1.40E+14,2.457627119,6.96E+31,4
4.87E+16,4.07E+16,2.04E+16,5.85E+12,2.13E+14,1.32E+14,2.457627119,7.29E+31,6.34E+17,4.98E+17,2.49E+17,7.15E+13,2.85E+15,1.65E+15,2.457627119,1.33E+33,3.45E+17,2.98E+17,1.49E+17,4.28E+13,1.69E+15,1.12E+15,2.457627119,7.19E+32,2.60E+17,2.32E+17,1.16E+17,3.33E+13,9.84E+14,9.82E+14,2.457627119,5.37E+32,4.33E+17,3.64E+17,1.82E+17,5.24E+13,1.55E+15,1.54E+15,2.457627119,9.03E+32,4.80E+17,3.98E+17,1.99E+17,5.71E+13,1.69E+15,1.68E+15,2.457627119,9.93E+32,5.26E+17,4.31E+17,2.15E+17,6.19E+13,1.83E+15,1.82E+15,2.457627119,1.09E+33,2.60E+17,2.32E+17,1.16E+17,3.33E+13,9.83E+14,9.82E+14,2.457627119,5.44E+32,4
1.30E+16,8.32E+15,4.16E+15,1.19E+12,5.97E+13,1.33E+13,2.457627119,3.41E+29,3.94E+17,3.32E+17,1.66E+17,4.77E+13,1.43E+15,1.39E+15,2.457627119,8.05E+32,4.33E+17,3.64E+17,1.82E+17,5.24E+13,2.11E+15,9.80E+14,2.457627119,9.02E+32,4.33E+17,3.64E+17,1.82E+17,5.23E+13,1.83E+15,1.26E+15,2.457627119,9.30E+32,2.60E+17,2.32E+17,1.16E+17,3.33E+13,9.84E+14,9.81E+14,2.457627119,5.37E+32,5.75E+17,4.64E+17,2.32E+17,6.66E+13,2.25E+15,1.68E+15,2.457627119,1.19E+33,2.60E+17,2.32E+17,1.16E+17,3.33E+13,9.84E+14,9.81E+14,2.457627119,5.37E+32,1.04E+17,9.93E+16,4.96E+16,1.43E+13,7.01E+14,1.40E+14,2.457627119,2.18E+32,4
4.72E+16,4.00E+16,2.00E+16,5.74E+12,1.90E+14,1.49E+14,2.457627119,7.02E+31,5.35E+17,4.32E+17,2.16E+17,6.20E+13,2.44E+15,1.22E+15,2.457627119,1.09E+33,6.25E+17,4.97E+17,2.49E+17,7.14E+13,2.40E+15,1.81E+15,2.457627119,1.36E+33,3.44E+17,2.98E+17,1.49E+17,4.28E+13,1.55E+15,9.81E+14,2.457627119,7.14E+32,1.42E+17,1.33E+17,6.63E+16,1.90E+13,5.63E+14,5.61E+14,2.457627119,2.93E+32,2.19E+17,1.99E+17,9.93E+16,2.85E+13,1.12E+15,5.60E+14,2.457627119,4.53E+32,3.02E+17,2.65E+17,1.33E+17,3.81E+13,1.41E+15,8.42E+14,2.457627119,6.26E+32,1.42E+17,1.32E+17,6.62E+16,1.90E+13,8.42E+14,2.80E+14,2.457627119,3.00E+32,4
1.55E+16,9.96E+15,4.98E+15,1.43E+12,6.74E+13,1.71E+13,2.457627119,5.00E+29,3.08E+17,2.66E+17,1.33E+17,3.82E+13,1.70E+15,5.54E+14,2.457627119,6.38E+32,3.89E+17,3.32E+17,1.66E+17,4.76E+13,1.41E+15,1.40E+15,2.457627119,8.04E+32,6.75E+17,5.30E+17,2.65E+17,7.62E+13,2.81E+15,1.68E+15,2.457627119,1.44E+33,4.33E+17,3.65E+17,1.82E+17,5.24E+13,1.83E+15,1.26E+15,2.457627119,9.11E+32,3.45E+17,2.98E+17,1.49E+17,4.28E+13,1.55E+15,9.80E+14,2.457627119,7.26E+32,4.34E+17,3.65E+17,1.82E+17,5.24E+13,1.83E+15,1.26E+15,2.457627119,9.10E+32,2.60E+17,2.32E+17,1.16E+17,3.33E+13,1.26E+15,7.01E+14,2.457627119,5.37E+32,4
4.93E+16,4.12E+16,2.06E+16,5.92E+12,1.94E+14,1.56E+14,2.457627119,7.06E+31,5.35E+17,4.32E+17,2.16E+17,6.20E+13,2.16E+15,1.50E+15,2.457627119,1.14E+33,7.27E+17,5.63E+17,2.82E+17,8.09E+13,2.95E+15,1.82E+15,2.457627119,1.50E+33,2.60E+17,2.32E+17,1.16E+17,3.33E+13,9.84E+14,9.81E+14,2.457627119,5.37E+32,1.42E+17,1.33E+17,6.63E+16,1.90E+13,5.62E+14,5.61E+14,2.457627119,3.00E+32,6.86E+16,6.62E+16,3.31E+16,9.51E+12,2.81E+14,2.80E+14,2.457627119,1.44E+32,2.19E+17,1.99E+17,9.94E+16,2.86E+13,8.44E+14,8.41E+14,2.457627119,4.61E+32,1.42E+17,1.32E+17,6.62E+16,1.90E+13,5.62E+14,5.60E+14,2.457627119,2.95E+32,4
1.99E+17,1.71E+17,8.53E+16,2.45E+13,7.98E+14,6.48E+14,2.457627119,3.76E+32,4.86E+17,3.98E+17,1.99E+17,5.72E+13,2.00E+15,1.38E+15,2.457627119,1.01E+33,4.34E+17,3.65E+17,1.82E+17,5.24E+13,1.83E+15,1.26E+15,2.457627119,9.32E+32,1.80E+17,1.66E+17,8.29E+16,2.38E+13,7.04E+14,7.01E+14,2.457627119,3.73E+32,2.19E+17,1.99E+17,9.93E+16,2.85E+13,8.43E+14,8.41E+14,2.457627119,4.53E+32,4.33E+17,3.64E+17,1.82E+17,5.23E+13,2.11E+15,9.81E+14,2.457627119,8.95E+32,4.79E+17,3.98E+17,1.99E+17,5.71E+13,2.25E+15,1.12E+15,2.457627119,9.93E+32,1.42E+17,1.32E+17,6.62E+16,1.90E+13,5.62E+14,5.61E+14,2.457627119,3.00E+32,4
1.26E+17,9.05E+16,5.35E+16,1.54E+13,5.36E+14,3.72E+14,2.457627119,2.21E+32,2.66E+17,2.33E+17,1.16E+17,3.35E+13,1.00E+15,9.70E+14,2.457627119,5.61E+32,3.45E+17,2.98E+17,1.49E+17,4.28E+13,1.27E+15,1.26E+15,2.457627119,7.14E+32,3.02E+17,2.65E+17,1.32E+17,3.80E+13,1.13E+15,1.11E+15,2.457627119,6.29E+32,2.19E+17,1.99E+17,9.93E+16,2.85E+13,8.43E+14,8.41E+14,2.457627119,5.02E+32,4.33E+17,3.64E+17,1.82E+17,5.23E+13,1.83E+15,1.26E+15,2.457627119,9.09E+32,4.79E+17,3.98E+17,1.99E+17,5.71E+13,1.97E+15,1.40E+15,2.457627119,1.08E+33,1.42E+17,1.33E+17,6.63E+16,1.91E+13,5.63E+14,5.61E+14,2.457627119,3.17E+32,4
8.16E+16,7.16E+16,3.58E+16,1.03E+13,3.30E+14,2.77E+14,2.457627119,1.43E+32,4.38E+17,3.65E+17,1.83E+17,5.24E+13,1.83E+15,1.26E+15,2.457627119,9.04E+32,1.80E+17,1.66E+17,8.29E+16,2.38E+13,9.84E+14,4.21E+14,2.457627119,3.75E+32,6.86E+16,6.62E+16,3.31E+16,9.51E+12,2.81E+14,2.80E+14,2.457627119,1.42E+32,6.87E+16,6.64E+16,3.32E+16,9.54E+12,2.84E+14,2.79E+14,2.457627119,1.42E+32,1.42E+17,1.33E+17,6.64E+16,1.91E+13,8.43E+14,2.81E+14,2.457627119,2.94E+32,1.05E+17,9.94E+16,4.97E+16,1.43E+13,4.22E+14,4.21E+14,2.457627119,2.16E+32,1.05E+17,9.96E+16,4.98E+16,1.43E+13,4.22E+14,4.22E+14,2.457627119,2.17E+32,4
4.79E+16,4.00E+16,2.00E+16,5.74E+12,2.04E+14,1.36E+14,2.457627119,7.29E+31,5.83E+17,4.65E+17,2.32E+17,6.67E+13,2.29E+15,1.64E+15,2.457627119,1.20E+33,3.44E+17,2.98E+17,1.49E+17,4.28E+13,1.55E+15,9.75E+14,2.457627119,7.11E+32,5.26E+17,4.31E+17,2.15E+17,6.18E+13,2.53E+15,1.40E+15,2.457627119,1.12E+33,2.19E+17,1.99E+17,9.94E+16,2.86E+13,1.12E+15,5.61E+14,2.457627119,4.53E+32,1.42E+17,1.32E+17,6.62E+16,1.90E+13,5.62E+14,5.61E+14,2.457627119,3.00E+32,1.05E+17,9.94E+16,4.97E+16,1.43E+13,4.22E+14,4.21E+14,2.457627119,2.19E+32,6.31E+11,4.15E+11,2.08E+11,59663540.78,2656495801,871724386.5,2.457627119,1.01E+21,4
1.55E+17,1.36E+17,6.80E+16,1.95E+13,6.09E+14,5.44E+14,2.457627119,2.97E+32,6.80E+17,5.14E+17,2.65E+17,7.62E+13,3.39E+15,1.11E+15,2.457627119,1.40E+33,3.44E+17,2.98E+17,1.49E+17,4.28E+13,1.55E+15,9.79E+14,2.457627119,7.26E+32,2.60E+17,2.32E+17,1.16E+17,3.33E+13,1.27E+15,7.00E+14,2.457627119,5.38E+32,3.88E+17,3.31E+17,1.66E+17,4.76E+13,1.69E+15,1.12E+15,2.457627119,8.03E+32,7.26E+17,5.63E+17,2.82E+17,8.09E+13,2.95E+15,1.82E+15,2.457627119,1.50E+33,3.44E+17,2.98E+17,1.49E+17,4.28E+13,1.83E+15,7.01E+14,2.457627119,7.25E+32,3.37E+16,3.31E+16,1.65E+16,4.75E+12,1.40E+14,1.40E+14,2.457627119,7.19E+31,4
1.58E+17,1.38E+17,6.89E+16,1.98E+13,6.84E+14,4.83E+14,2.457627119,3.02E+32,6.80E+17,5.31E+17,2.65E+17,7.62E+13,2.98E+15,1.79E+15,2.457627119,1.40E+33,4.79E+17,3.97E+17,1.99E+17,5.71E+13,1.97E+15,1.40E+15,2.457627119,9.90E+32,2.60E+17,2.32E+17,1.16E+17,3.33E+13,9.86E+14,9.81E+14,2.457627119,5.45E+32,2.19E+17,1.99E+17,9.93E+16,2.85E+13,8.43E+14,8.40E+14,2.457627119,4.53E+32,3.88E+17,3.31E+17,1.66E+17,4.76E+13,1.69E+15,1.12E+15,2.457627119,8.26E+32,1.80E+17,1.66E+17,8.28E+16,2.38E+13,7.05E+14,6.99E+14,2.457627119,4.07E+32,1.40E+12,9.06E+11,4.53E+11,130139632.4,6291619054,1425944700,2.457627119,5.13E+21,4
1.89E+17,1.68E+17,8.38E+16,2.41E+13,7.35E+14,6.86E+14,2.457627119,3.73E+32,6.27E+17,4.97E+17,2.49E+17,7.14E+13,2.83E+15,1.67E+15,2.457627119,1.31E+33,1.80E+17,1.66E+17,8.28E+16,2.38E+13,7.03E+14,7.00E+14,2.457627119,3.74E+32,3.88E+17,3.31E+17,1.66E+17,4.76E+13,1.97E+15,8.41E+14,2.457627119,8.02E+32,3.01E+17,2.65E+17,1.32E+17,3.81E+13,1.12E+15,1.12E+15,2.457627119,6.25E+32,5.75E+17,4.64E+17,2.32E+17,6.66E+13,2.25E+15,1.68E+15,2.457627119,1.20E+33,3.44E+17,2.98E+17,1.49E+17,4.28E+13,1.83E+15,6.99E+14,2.457627119,7.13E+32,3.37E+16,3.31E+16,1.65E+16,4.75E+12,1.40E+14,1.40E+14,2.457627119,7.19E+31,4
