MeanDelta,MedianDelta,SkewnessDelta,KurtosisDelta,StdDeviaDelta,RMSDelta,EnergyDelta,MeanTheta,MedianTheta,SkewnessTheta,KurtosisTheta,StdDeviaTheta,RMSTheta,EnergyTheta,MeanalphaLow,MedianalphaLow,SkewnessalphaLow,KurtosisalphaLow,StdDeviaalphaLow,RMSalphaLow,EnergyalphaLow,MeanalphaHigh,MedianalphaHigh,SkewnessalphaHigh,KurtosisalphaHigh,StdDeviaalphaHigh,RMSalphaHigh,EnergyalphaHigh,MeanbetaLow,MedianbetaLow,SkewnessbetaLow,KurtosisbetaLow,StdDeviabetaLow,RMSbetaLow,EnergybetaLow,MeanbetaHigh,MedianbetaHigh,SkewnessbetaHigh,KurtosisbetaHigh,StdDeviabetaHigh,RMSbetaHigh,EnergybetaHigh,MeangammaLow,MediangammaLow,SkewnessgammaLow,KurtosisgammaLow,StdDeviagammaLow,RMSgammaLow,EnergygammaLow,MeangammaMid,MediangammaMid,SkewnessgammaMid,KurtosisgammaMid,StdDeviagammaMid,RMSgammaMid,EnergygammaMid,Level
867800.4407,471980,6.900104876,50.80997213,2180252.207,2329379.638,1,2705772.22,126485,1.977387859,1.987173556,6018831.272,6552368.091,1,4569626.729,22955,1.05628166,-0.916309145,7497253.216,8725686.368,1,876234.6441,12828,4.195956885,16.15449388,3707795.055,3779221.971,1,2003533.407,11757,2.420546197,3.993489661,5460068.549,5772451.874,1,1435115.068,12142,3.060309261,7.62313235,4700512.159,4876461.979,1,296938.9153,8656,7.679968693,58.98767646,2179469,2181226.244,1,289491.1356,4153,7.681071045,58.99922155,2179685.673,2180437.76,1,1
1850793.661,955759,3.881542195,14.40780673,3566533.667,3991240.86,1,3004172.983,167201,1.803309232,1.30346948,6271249.745,6905580.547,1,2584507.949,13862,1.983303925,2.000646576,6064599.287,6544896.24,1,2582831.441,18185,1.983312021,2.000663796,6066146.482,6545643.912,1,1724036.983,13034,2.704228354,5.499667606,5101064.803,5343419.699,1,1156910.644,12137,3.527086057,10.81024194,4243238.594,4363295.23,1,870234.4068,6484,4.193692097,16.14173485,3712198.806,3782084.274,1,577820.3051,3042,5.285282413,26.84851595,3060695.372,3089167.403,1,1
1134942.797,479148,5.0168869,24.92425081,2999883.17,3183530.068,1,2990260.712,163977,1.801485076,1.29938907,6277578.35,6905194.931,1,3158768.085,13877,1.652215479,0.754801997,6566936.626,7236818.781,1,2868806.932,16576,1.807947185,1.312365699,6330274.619,6900959.146,1,1726608.458,11915,2.704424177,5.500335159,5100007.225,5343257.598,1,2852983.729,15233,1.808124376,1.312697211,6335303.425,6898935.663,1,2284350.237,10981,2.184726558,2.869248494,5780206.467,6169502.272,1,291403.8136,5399,7.681019248,58.9986819,2180037.296,2181038.03,1,1
1170896.458,481808,5.024273808,24.98209265,2993933.569,3191035.985,1,2100540.559,81245,2.41678936,3.982545814,5424578.384,5774043.182,1,3711906.712,18011,1.384818862,-0.086180532,6995135.289,7866435.954,1,2012726.153,18225,2.420424747,3.9931497,5458462.122,5774156.09,1,1435455.712,15008,3.060340558,7.623249809,4701021.499,4877044.873,1,2568180.78,14259,1.983541611,2.0011596,6073173.483,6546284.877,1,2850740.644,13198,1.808128133,1.31270482,6335688.327,6898355.875,1,292725.5085,6579,7.680903825,58.99747647,2179888.992,2181069.3,1,1
927347.5424,426105,6.595898275,47.57736835,2206970.446,2376581.045,1,3835929.017,133225,1.380041195,-0.092308031,6933445.395,7872243.996,1,2583039.814,21507,1.98334342,2.000735078,6067118.872,6546612.02,1,2578454.085,17355,1.983455123,2.000976105,6069532.678,6547003.797,1,2008265.627,16559,2.420489889,3.993328491,5455125.386,5769501.215,1,2003361.576,13064,2.42054742,3.993493843,5458581.56,5771009.564,1,866336.322,9928,4.196356845,16.15667273,3710380.216,3779434.127,1,293125.3898,6583,7.680887213,58.99730329,2181088.932,2182301.945,1,1
1758434.475,120584,2.995826072,7.36619211,4630338.841,4916171.184,1,2031280.831,25134,2.420100365,3.992222553,5453216.178,5775780.635,1,1154895.237,12437,3.528586303,10.81717209,4245505.871,4364929.113,1,1431704.458,6379,3.060316121,7.623167964,4703896.683,4878667.215,1,577971.7797,8200,5.286542926,26.85749015,3058955.335,3087500.992,1,1717931.119,14822,2.704836231,5.501696216,5100227.115,5340666.366,1,1997425.475,13119,2.420613052,3.993675012,5458637.762,5769003.856,1,6986.745763,5468,1.293008675,1.840582281,6109.589208,9247.109509,1,1
3203405,219232,1.782765112,1.263073602,6197045.833,6929233.432,1,5457921.695,68762,0.780643751,-1.439015649,7857055.456,9511882.159,1,1434574.153,9539,3.060202975,7.622723147,4702936.253,4878599.97,1,1430245.169,9729,3.060378472,7.623394029,4702628.358,4877036.915,1,580890.7288,7422,5.285992632,26.85364411,3057050.397,3086193.755,1,1152914.22,13676,3.528554102,10.81702021,4243619.374,4362601.412,1,578128.5593,7222,5.286535213,26.85743668,3059607.653,3088165.674,1,289161,4873,7.681095791,58.99947948,2181289.321,2181969.919,1,1
2478076.136,83934,2.169516851,2.829877517,5715921.528,6185374.816,1,4047069.119,34686,1.265529748,-0.410503247,7150036.368,8163044.57,1,1435774.153,8627,3.060180221,7.622641759,4703956.541,4879919.789,1,1436648.441,9325,3.059761142,7.62101049,4700724.244,4877114.412,1,890763.9492,11540,4.174448189,16.02813983,3709626.887,3784382.267,1,1465635.678,11887,3.04565215,7.562078714,4699499.693,4884573.495,1,312298.2881,9475,7.63236009,58.47010224,2182309.969,2186158.063,1,297020.3051,4177,7.673576646,58.9198471,2179052.479,2180828.196,1,1
2177326.462,134038,2.535628303,4.842407862,5380205.611,5707366.441,1,696225.4231,32596,5.096678375,25.98341981,3274299.329,3285333.833,1,1297775.962,7506,3.373187065,10.15600636,4547904.731,4644582.119,1,1299737.269,10865,3.37317875,10.15596912,4551119.902,4648157.411,1,7314.423077,6046,1.114788504,1.348364487,6040.156522,9411.751409,1,1298072.846,9612.5,3.373226434,10.15618102,4549486.213,4646154.08,1,653420.9615,10353,5.098995024,25.99982709,3283162.36,3285046.598,1,5872.384615,2710,1.006216192,-0.620594061,6129.483613,8403.002353,1,1
2580702.508,159974,2.151891855,2.782686051,5687327.795,6201410.382,1,4054110.983,40835,1.265737255,-0.410219687,7149938.661,8166453.975,1,1450439.424,14799,3.058694491,7.6168602,4697939.775,4878558.603,1,1434990.254,10008,3.060267898,7.622980711,4702718.95,4878516.42,1,1147033.034,10943,3.528748319,10.81789648,4245476.921,4362827.785,1,1998383.593,15049,2.420612934,3.993675761,5458210.08,5768937.869,1,295707.3051,7976,7.680705729,58.99541006,2178433.934,2180042.144,1,289609.6949,4630,7.681087234,58.99939034,2181960.259,2182688.771,1,1
2221039.695,65810,2.382301989,3.876810347,5399952.83,5796402.267,1,1741819.644,21789,2.704122167,5.499347792,5097519.858,5345860.603,1,1713845.78,8147,2.704866512,5.501808059,5105996.34,5344771.395,1,583451,10465,5.286220441,26.85526118,3055969.31,3085624.123,1,1145465.237,8398,3.528744801,10.81787695,4244417.753,4361402.561,1,584152.1356,14859,5.286344984,26.85613986,3056539.686,3086312.074,1,1144606.424,8906,3.528768073,10.81800175,4245622.746,4362329.95,1,5828.152542,3821,2.425278299,5.621461805,6559.549069,8733.027154,1,1
1746615.61,145700,2.998152211,7.372921662,4633523.397,4914907.392,1,3488099.797,41374,1.511085205,0.294534597,6764631.918,7559860.303,1,2288532.661,13300,2.184656596,2.869082254,5780097.664,6170951.916,1,2282585.932,8489,2.184731749,2.869262424,5784101.637,6172437.305,1,1146574.593,9507,3.52873251,10.81782769,4245414.827,4362647.877,1,580463.5763,10739,5.286394642,26.8564461,3055952.172,3085043.947,1,9848.915254,7256,3.152390262,14.50702635,10219.78006,14130.63341,1,573206.6949,3515,5.286558405,26.85759962,3057054.561,3084760.736,1,1
1746615.61,145700,2.998152211,7.372921662,4633523.397,4914907.392,1,3488099.797,41374,1.511085205,0.294534597,6764631.918,7559860.303,1,2288532.661,13300,2.184656596,2.869082254,5780097.664,6170951.916,1,2282585.932,8489,2.184731749,2.869262424,5784101.637,6172437.305,1,1146574.593,9507,3.52873251,10.81782769,4245414.827,4362647.877,1,580463.5763,10739,5.286394642,26.8564461,3055952.172,3085043.947,1,9848.915254,7256,3.152390262,14.50702635,10219.78006,14130.63341,1,573206.6949,3515,5.286558405,26.85759962,3057054.561,3084760.736,1,1
2054037.186,132357,2.629935945,5.239163782,5032051.826,5395501.423,1,2061883.271,39186,2.418997873,3.989074246,5438355.687,5772849.551,1,591082.8983,9388,5.283764015,26.83774948,3052852.749,3084043.502,1,2282308.864,9989,2.184735445,2.869271751,5780964.163,6169444.66,1,1150805.305,11553,3.528677764,10.81758904,4244328.319,4362722.57,1,5123562.525,22995,0.868879564,-1.289949153,7774440.1,9255721.07,1,1998871.898,10577,2.42059661,3.993632644,5459027.167,5769866.996,1,574794.1695,5895,5.286551924,26.85755337,3054983.754,3083038.905,1,1
2423919.441,297600,2.37911448,3.871245981,5332733.202,5816479.014,1,5497119.729,132206,0.778563579,-1.439687436,7832960.779,9514918.81,1,1443363.898,14387,3.060020097,7.622027812,4700087.958,4878494.169,1,1720590.576,10965,2.7046179,5.500982973,5102352.464,5343517.414,1,2572759.051,9721,1.983239081,2.000496645,6070521.383,6545664.357,1,3703942.763,17510,1.384919015,-0.086063226,6996123.282,7863545.265,1,1998414.831,11119,2.420605999,3.993661031,5460800.016,5771357.657,1,8492.762712,4835,4.891565788,30.66295247,11739.35428,14408.45771,1,1
1631419.339,342812,3.408096186,10.25227524,4156071.05,4431895.099,1,3479760.61,78986,1.511820153,0.295587791,6770573.654,7561245.998,1,4272437.932,14165,1.158457711,-0.682235245,7352202.486,8449403.698,1,1440663.644,12399,3.060206241,7.622746741,4700954.692,4878516.973,1,3133180.441,11759,1.652527318,0.755306374,6575925.232,7233718.521,1,3988377.39,16571,1.267517439,-0.408405191,7183253.991,8162826.131,1,1716031.559,14114,2.704878407,5.501845321,5104768.293,5344319.549,1,7960.627119,6529,1.259740311,1.874405093,6499.901577,10242.27634,1,1
1607312.627,385140,3.434677399,10.37914089,4153703.663,4420891.309,1,4655968.864,166376,1.054918673,-0.917178207,7447643.159,8729565.25,1,2005127.644,14054,2.420482286,3.993310047,5459368.539,5772354.565,1,1433468.559,10885,3.060312306,7.62314546,4703027.988,4878361.919,1,2850195.271,8698,1.808127283,1.312706361,6336086.464,6898489.996,1,3706789.254,16926,1.384907443,-0.086076584,6995712.821,7864527.51,1,2566641.22,10063,1.983540605,2.001159761,6071963.534,6544577.48,1,290824.2712,5592,7.681070589,58.999217,2182844.51,2183719.171,1,1
1825127.667,510945.5,3.250854692,9.137078934,4300696.891,4635144.695,1,3268468.222,99566.5,1.656132552,0.788753172,6501752.973,7223077.375,1,1274080.926,16928,3.345466791,9.546934864,4420428.482,4560878.735,1,1262397.519,11774,3.346003175,9.549226047,4423697.305,4560740.58,1,1905438.833,16137,2.544105598,4.647676208,5302561.949,5588127.787,1,4393106.741,22905.5,1.129203996,-0.752484281,7382864.239,8532097.524,1,2206083.074,17896.5,2.267990035,3.264976754,5670073.873,6034995.836,1,1259576,6671.5,3.345720096,9.548023377,4425711.073,4561877.847,1,1
2391052.814,396114,2.384800678,3.887052976,5338047.705,5807660.883,1,3227279.847,76604,1.648719985,0.748638701,6535838.715,7239371.712,1,2025747.237,15294,2.415391148,3.97771944,5456268.269,5776670.701,1,2581391,12928,1.981905424,1.997433745,6065106.142,6544127.807,1,2854080.136,10354,1.808027986,1.312515278,6335039.326,6899150.748,1,2857586.729,15581,1.80796946,1.31240491,6332780.091,6898563.258,1,870665.5593,10835,4.195055433,16.14941967,3708016.082,3778147.877,1,298660.0678,5032,7.670412062,58.88596913,2179180.106,2181177.479,1,1
2505163.475,508602,2.359069974,3.808661335,5312913.857,5833050.064,1,4644786.508,123205,1.054576739,-0.917464567,7454111.624,8729035.618,1,3992553.712,12469,1.267401571,-0.408519554,7180100.244,8162140.085,1,1726466.525,11042,2.704145242,5.499402433,5100973.69,5344118.584,1,1717088.542,13512,2.704851726,5.501756215,5103413.828,5343387.308,1,3994380.034,20708,1.267466176,-0.40845535,7177561.569,8160838.549,1,1999377.271,10835,2.420596895,3.993633789,5460625.811,5771528.96,1,290147.5254,5237,7.681076796,58.9992817,2179588.417,2180429.434,1,1
1424583.712,389459,3.9955536,15.02371353,3634970.074,3875370.551,1,4125860.119,141292,1.260292036,-0.41654091,7114992.253,8172381.39,1,1174970.254,13537,3.525883932,10.80473764,4238818.981,4363898.039,1,2304167.102,11415,2.184247352,2.868055394,5771920.113,6169245.153,1,1448011.373,15389,3.059566406,7.620274419,4699381.055,4879201.887,1,4006191.78,18053,1.267044807,-0.408887658,7173797.599,8163374.549,1,3425801,13697,1.51240734,0.296411674,6795943.941,7558979.588,1,297933.5593,6145,7.679265311,58.98033147,2181598.166,2183453.152,1,1
1661129.763,140230,3.024789532,7.482016867,4648849.685,4899474.842,1,3180773.39,27088,1.650841449,0.752454365,6555174.519,7235974.153,1,306958.661,9412,7.661787037,58.79308641,2180200.211,2183330.628,1,586640.2881,8823,5.283583337,26.8363146,3054185.383,3084492.286,1,1148291.424,10267,3.528629643,10.81737331,4245055.218,4362755.425,1,2287375.593,17502,2.18463654,2.869021039,5776637.574,6167336.808,1,1148618.492,11800,3.52864651,10.81743876,4244692.848,4362494.912,1,6149.59322,5019,6.008598971,41.91392102,9311.860231,11093.17647,1,1
3621311.593,145244,1.50013659,0.277936115,6704643.754,7569956.606,1,3443406.525,23080,1.511999733,0.295831233,6784195.838,7556604.503,1,2003698.458,10435,2.420412033,3.993107584,5458948.356,5771467.572,1,1431324.678,8200,3.060369281,7.623369965,4704479.905,4879108.591,1,307224.339,9261,7.67061752,58.8885784,2179115.222,2182302.95,1,1433480.831,14484,3.06031246,7.623144473,4702525.745,4877889.542,1,584810.4407,8067,5.283830246,26.83809925,3055245.094,3085176.427,1,577338.5254,4368,5.286098391,26.85434159,3060638.736,3089022.159,1,1
1310392.237,192850,3.945226228,14.68705449,3680603.236,3877416.735,1,2944884.356,70758,1.800919218,1.297832627,6298791.337,6904684.092,1,3150395.407,14578,1.651823115,0.754117269,6570815.195,7236629.983,1,1436465.983,13106,3.060293107,7.623066086,4701615.297,4877904.955,1,2293927.763,17915,2.184412834,2.868461411,5776548.368,6169687.808,1,2870783.356,22397,1.807407162,1.311322814,6324922.295,6896955.439,1,2009632.186,12677,2.419970669,3.991820602,5456933.159,5771657.226,1,580465.4746,5348,5.284916095,26.84589366,3054332.321,3083466.94,1,1
1946615.847,391306,2.954853174,7.200747714,4592398.885,4951967.385,1,2917507.356,72361,1.807098915,1.310770956,6306732.67,6900186.642,1,2582981.932,14870,1.983036771,2.000055939,6064851.934,6544523.943,1,3426039.983,15230,1.512309288,0.296270995,6794336.554,7557667.318,1,3423718.831,17886,1.512455302,0.296476434,6795428.628,7557580.66,1,1720519.322,15639,2.704780886,5.501523762,5102300.186,5343445.398,1,862757.2034,8033,4.196330731,16.15651946,3708333.028,3776639.194,1,5024.186441,3848,1.582264243,3.023098412,4822.04239,6935.447998,1,1
1434783.138,291391,3.471918682,10.47013195,4216715.912,4419585.055,1,4408882.759,57497.5,1.130157068,-0.747021833,7359696.001,8524640.224,1,2326938.052,8632,2.156048804,2.742190134,5821918.116,6222939.767,1,1743562.828,8614.5,2.673871039,5.332419816,5145389.876,5390601.279,1,1455218.862,8712.5,3.027448091,7.420347268,4738666.124,4917871.912,1,2033792.741,13512.5,2.391002931,3.848499624,5502942.299,5822076.689,1,1164471.069,9207.5,3.493047242,10.56473778,4279279.367,4399147.262,1,293713.9655,3674,7.615725235,57.99950536,2197990.858,2198666.818,1,1
3357921.61,220741,1.641558881,0.736389553,6477863.829,7247559.919,1,3759264.695,30589,1.382731989,-0.088872557,6970610.482,7867523.893,1,1714953.593,8190,2.70483645,5.501704354,5104686.855,5343897.044,1,1429785.949,9129,3.060391747,7.623452832,4704339.491,4878524.309,1,1144578.492,7391,3.528761416,10.81796589,4247351.748,4363976.872,1,296468.2712,8638,7.680679675,58.99513552,2180397.591,2182074.37,1,576653.5254,5834,5.286534421,26.85743152,3057338.636,3085679.776,1,4769.169492,2651,1.931364816,3.795403192,5024.246419,6896.38901,1,1
1988708.78,99199,2.667159786,5.373745338,5032549.391,5371429.267,1,3450291.339,25897,1.512128675,0.296020726,6783914.664,7559496.22,1,867183.6441,10648,4.196242929,16.15603992,3710811.754,3780044.896,1,869390.0169,13920,4.196226698,16.15598191,3709004.515,3778807.86,1,1150367.339,10362,3.528369792,10.81618046,4246411.06,4364599.027,1,1148883.729,14661,3.528749508,10.81789936,4243141.056,4361080.5,1,10967.76271,10136,0.724008055,0.078982165,7608.085908,13311.41325,1,5713.915254,4859,1.613538135,4.316893058,4704.289991,7375.912233,1,1
1942808.068,145017,2.682927854,5.428307117,5039603.522,5361122.923,1,2321078.78,22793,2.183796851,2.866932616,5765352.629,6169547.781,1,579332.9492,7938,5.285973853,26.85346768,3055977.636,3084856.213,1,862083.678,5824,4.196394827,16.15688155,3709818.543,3777919.385,1,860693.2881,7109,4.196460991,16.15723797,3709167.093,3776973.44,1,1145846.017,9673,3.528754568,10.81792745,4245194.951,4362246.103,1,8504.966102,7207,0.647200512,-0.499292927,6548.462586,10699.99958,1,4649.627119,3802,1.531282351,3.012101197,4184.553377,6231.591401,1,1
2131695.559,240453,2.63667645,5.267655604,5000282.022,5396588.704,1,3774164.797,30036,1.380519015,-0.091816291,6968138.636,7872503.452,1,1720167.695,12410,2.704727065,5.501343647,5101919.852,5342975.169,1,2565750.61,9634,1.983538501,2.00115643,6073800.167,6545903.502,1,1711804.424,6122,2.704882292,5.50185941,5106971.983,5345033.546,1,1716217.441,11943,2.704860834,5.501783344,5105169.609,5344756.066,1,863078,6917,4.196379226,16.15679406,3709726.109,3778057.179,1,574466.7119,3502,5.286551728,26.85755196,3061104.683,3088940.626,1,1
1490743.729,222860,3.460249604,10.49954632,4178828.262,4403288.106,1,2925036.373,72885,1.80642869,1.309466856,6303873.842,6900806.024,1,879679.2203,11733,4.193756151,16.14216137,3707367.102,3779609.441,1,2001706.763,13134,2.420586653,3.993609665,5459483.771,5771274.313,1,1717028.525,9224,2.704838944,5.50170621,5104203.003,5344108.988,1,2284317.322,14764,2.184738833,2.869277499,5780025.904,6169323.783,1,294169.6949,10622,7.681012271,58.99860962,2179737.718,2181114.98,1,6162.220339,5496,0.657469546,-0.58143874,4627.39181,7682.628875,1,1
2328099.379,241285.5,2.36402837,3.769360036,5410901.65,5847487.73,1,3243110.19,23322.5,1.624532679,0.66263431,6597207.237,7300034.795,1,2321578.31,9906.5,2.156135677,2.742401581,5823136.491,6222058.174,1,2031438.069,7491.5,2.390996774,3.848487696,5502947.287,5821259.197,1,1742330.81,9138,2.673883607,5.332461297,5144851.389,5389697.751,1,2031079.224,6976,2.391004697,3.848506824,5502550.319,5820765.183,1,1162862.5,6093.5,3.493031475,10.56466804,4279770.408,4399191.214,1,4422.741379,2733,1.496607518,1.922862076,4496.978543,6279.712421,1,1
2499869.644,88668,2.157731928,2.797745105,5715331.481,6193602.98,1,2881912.847,20475,1.807505583,1.311523792,6325131.573,6901783.931,1,2280345.966,6544,2.184746081,2.869295314,5784071.588,6171581.625,1,1711480.441,6782,2.704882137,5.501852859,5104864.29,5342950.113,1,581031.0169,9154,5.286305885,26.85581885,3055986.697,3085184.383,1,295862.6102,9882,7.680616527,58.9944762,2180735.351,2182323.957,1,575320.8814,7109,5.286552788,26.85755947,3055482.604,3083623.066,1,4323.423729,2981,2.451693229,7.216077515,4686.88382,6347.168871,1,1
1244915.276,148664.5,4.026473557,15.09189704,3691188.2,3865200.23,1,4137902.345,72275.5,1.236990994,-0.481724927,7185331.894,8237783.389,1,1464072,12158,3.027208056,7.419448966,4738106.955,4919969.642,1,2037095.017,13379,2.390945764,3.848341843,5500327.691,5820802.946,1,2034766.948,13157,2.390991918,3.848466265,5502137.491,5821669.547,1,2034219.345,14453.5,2.391003486,3.848501578,5500925.291,5820352.238,1,300904.6552,11328,7.615485267,57.9970228,2199201.164,2200827.5,1,294607.1552,5518.5,7.615729158,57.99954598,2199465.926,2200235.435,1,1
1233499.69,212465,4.061551713,15.29523342,3685153.778,3855870.296,1,2372333.207,65938.5,2.15547788,2.740801852,5804808.14,6224371.483,1,2324996.983,11845,2.156107082,2.742334412,5823566.449,6223729.934,1,1745510.052,11642,2.673854254,5.33236156,5142485.641,5388507.484,1,2323059.034,12884.5,2.156143278,2.742419922,5822384.869,6221919.578,1,2033677,15107,2.391002731,3.848495232,5501399.235,5820602.937,1,1165694.948,10390.5,3.49301275,10.56458787,4279403.931,4399590.458,1,583515.9138,4147,5.238976117,26.35511827,3084786.742,3113251.141,1,1
1811489.339,279836,2.989412307,7.336469517,4619988.265,4925851.96,1,3774964.119,65503,1.382885052,-0.088596406,6963377.717,7868744.636,1,1720806.288,14770,2.704781036,5.501524548,5103180.756,5344364.376,1,2284880.576,12337,2.184710354,2.869213443,5782171.728,6171508.688,1,1147451.102,9014,3.528714749,10.81774702,4245979.216,4363418.208,1,1148357.797,12389,3.528727947,10.8178073,4244124.522,4361882.667,1,863517.1017,10833,4.196432144,16.15707669,3707870.353,3776366.278,1,290080.3729,4682,7.681081816,58.99933398,2183453.46,2184218.641,1,1
1494546.407,599824,3.969498688,14.88700576,3624724.856,3892250.069,1,2673452.915,105453,1.980978125,1.995565587,6027677.22,6547093.356,1,3437188.034,17385,1.512159658,0.296060441,6789877.114,7558789.299,1,3723220.288,24471,1.384722077,-0.08629466,6991275.319,7868409.013,1,1537783.271,18795,3.039633424,7.541031427,4681877.802,4890115.751,1,2038765.441,23530,2.418076819,3.986223848,5449761.508,5775212.28,1,892874.1695,14430,4.189379439,16.11731781,3703750.788,3779218.122,1,1149945.763,6854,3.52851626,10.81685644,4246420.052,4364496.533,1,1
2868957.763,90378,1.930760945,1.873976948,5984049.681,6590359.593,1,3460688.763,23736,1.510911541,0.294237031,6778623.295,7559582.755,1,1150932.627,8355,3.528504962,10.81680098,4246667.935,4364993.729,1,866543.7966,8508,4.195976621,16.15457098,3709598.411,3778727.192,1,1713997.339,10287,2.704856408,5.501762265,5102026.077,5341091.571,1,1434677.203,17641,3.060359657,7.623325579,4700774.978,4876582.185,1,1429745.593,8660,3.060370901,7.623362787,4701649.607,4875962.658,1,6101.983051,4738,2.406799438,7.248315469,5961.031025,8495.046715,1,1
3716051.644,275271,1.493338798,0.267761079,6665208.296,7581627.485,1,2637735.915,24012,1.979204622,1.991364695,6044964.377,6548274.278,1,1435664.831,10656,3.060154782,7.622544903,4701525.182,4877583.698,1,1153016.831,10922,3.528032231,10.81463226,4244687.689,4363650.097,1,584229.6102,10632,5.285048883,26.84684663,3055809.151,3085615.52,1,869769.322,16085,4.195889193,16.1540788,3709292.929,3779173.427,1,870683.5085,10585,4.193960953,16.14324128,3708523.574,3778641.645,1,298524.0339,5072,7.670978713,58.89204485,2180291.085,2182250.02,1,1
1934829.915,94836,2.671704056,5.387022801,5045487.27,5363677.377,1,3449585.847,26501,1.511937417,0.295744582,6783828.671,7559098.381,1,1717281.407,9160,2.704774607,5.501500487,5103621.644,5343644.405,1,863720.4915,9128,4.196408637,16.15696994,3711240.926,3779666.173,1,1429325.22,9824,3.060397841,7.623473772,4703620.684,4877707.89,1,1712587.051,10349,2.704881885,5.501853472,5104171.84,5342654.358,1,291300.2203,5323,7.681053154,58.99903538,2179572.74,2180567.717,1,289332.6949,4326,7.681093214,58.99945264,2183549.58,2184213.933,1,1
1744467.492,206012,3.014095296,7.440473578,4628969.878,4909923.964,1,6010338.424,103055,0.617352177,-1.676546905,8058242.558,9997941.95,1,1718932.051,10376,2.70479791,5.501573472,5106144.385,5346543.513,1,1431064.797,12016,3.060390936,7.623440689,4701976.313,4876659.306,1,1148488.661,13475,3.528755039,10.81792147,4243323.17,4361150.631,1,2567069.949,15572,1.983543128,2.001165566,6069209.425,6542233.869,1,1431596.847,10208,3.060395461,7.62346884,4705223.487,4879893.251,1,5252.033898,4103,2.695619417,10.74976413,4960.687814,7195.498018,1,1
1129109.034,180113,4.145837392,15.87483979,3662123.991,3802463.895,1,3747944.559,70731,1.384588201,-0.086449397,6976938.368,7867637.014,1,3704347.153,12816,1.38491276,-0.086068105,6998760.435,7866042.276,1,3417039.339,12965,1.512486755,0.296521281,6796647.597,7555634.994,1,1429808.966,10596,3.060393448,7.623448556,4700769.706,4875147.187,1,1429520.763,9623,3.060397108,7.623468157,4703368.266,4877525.915,1,1430255.119,10303,3.060382994,7.623412862,4702471.059,4876890.73,1,574171.3898,4987,5.286566369,26.85771847,3058126.052,3085983.955,1,2
2355060.78,238250,2.375338412,3.857675246,5357668.252,5810714.378,1,3461702.695,63795,1.512128185,0.296024535,6776681.463,7558335.418,1,2285158.424,11806,2.184698779,2.86918123,5779826.734,6169451.837,1,2565422.017,12125,1.983544048,2.001163635,6071283.593,6543479.244,1,296857.3559,10403,7.680844524,58.99685937,2178264.68,2180032.188,1,2000038.102,16240,2.42061214,3.993674116,5458294.662,5769589.869,1,1716585.271,15096,2.704860617,5.501776336,5101306.039,5341246.58,1,7990.322034,5380,1.279999221,1.222068045,6471.145519,10247.49786,1,2
1303804.864,287947,4.066602235,15.43023576,3644474.704,3841481.619,1,4340750.119,83187,1.156884697,-0.683596655,7312756.349,8450570.232,1,2571884.831,12363,1.983505703,2.001088812,6072101.764,6546761.722,1,2282337.271,12191,2.184734615,2.869265473,5778391.248,6167085.205,1,1714472.814,10377,2.704868082,5.501810712,5103486.401,5342615.471,1,2568159.271,13414,1.983534098,2.001144291,6071070.169,6544358.257,1,3703912.237,12809,1.38492363,-0.08605617,7001970.136,7868645.094,1,576283.4746,7440,5.286467135,26.85695535,3055273.097,3083598.74,1,2
2412295.915,89085,2.179246263,2.855422258,5734006.705,6175818.66,1,5422492.542,27339,0.781625319,-1.438826952,7877500.066,9508241.314,1,2848777.983,9724,1.808132678,1.3127144,6336878.539,6898619.786,1,1146324.288,9454,3.528759837,10.8179473,4245817.084,4362966.919,1,295799.4407,9789,7.680847793,58.99689193,2180382.949,2181969.216,1,1714673.576,10852,2.704876768,5.501829773,5101939.449,5341227.275,1,1147972.949,10617,3.528723104,10.81778428,4244500.523,4362141.023,1,573054.3559,3776,5.286560462,26.85761391,3056398.867,3084093.638,1,2
2602774.508,262197,2.155727427,2.793132418,5677669.461,6201934.694,1,3747402.441,62345,1.384284104,-0.086827371,6977069.26,7867492.886,1,1715960.593,11859,2.70484866,5.501743439,5105310.644,5344806.028,1,1146575.661,12114,3.528757108,10.81794097,4246082.15,4363286.546,1,1147563.695,10017,3.528741711,10.81787542,4246089.249,4363553.074,1,1434440.814,16373,3.060389218,7.623437113,4702199.91,4877862.962,1,5122567.661,24975,0.868879002,-1.289952541,7772227.893,9253343.692,1,579823.4237,10230,5.286461664,26.85691791,3054231.678,3083248.131,1,2
800066.661,391960,6.88429687,50.50790364,2191715.51,2315665.412,1,2937197.254,73503,1.806017486,1.308698637,6300596.64,6903028.787,1,2572974,14184,1.983484919,2.001041645,6069355.143,6544685.623,1,1149772.847,10847,3.528674128,10.81757121,4244302.271,4362425.427,1,1714128.542,8720,2.704851502,5.501749379,5103788.596,5342788.786,1,5409104.915,23391,0.781757453,-1.438807393,7888492.13,9509574.49,1,4848017.847,27990,0.960154782,-1.117110298,7640334.029,8993807.834,1,1429205.051,10870,3.060392956,7.623446316,4702112.22,4876242.716,1,2
1710398.373,248898,3.041278944,7.549794447,4629210.149,4898146.166,1,3749225.169,67956,1.384454097,-0.086613448,6974654.573,7866256.453,1,2568699.915,13651,1.983499754,2.00106736,6069492.08,6543131.364,1,2001976.475,10789,2.42050419,3.993370283,5458899.418,5770824.464,1,1152214.898,11339,3.528383714,10.81623643,4243566.15,4362365.755,1,2853027.22,13454,1.808105972,1.312666837,6335133.59,6898800.333,1,3419965.424,14521,1.512466053,0.296490587,6796700.698,7557005.717,1,293831.5932,6409,7.680162128,58.98970102,2180663.761,2181979.201,1,2
3224510.576,411403,1.784779118,1.267034257,6183684.777,6927288.424,1,955819.8644,49599,4.186669034,16.10303052,3691390.16,3782723.576,1,2004490.441,12842,2.420492648,3.993335531,5461371.172,5773995.31,1,1431484.797,8699,3.060327803,7.623198376,4701837.303,4876650.817,1,597668.9322,6982,5.278747233,26.80148122,3054096.648,3086522.502,1,1155559.102,14195,3.528472712,10.81665986,4243950.291,4363617.512,1,1437170.119,13629,3.060192479,7.622680526,4699026.791,4875659.852,1,576697.7797,7952,5.286539169,26.85752939,3057600.943,3085943.539,1,2
1819149.915,582060,3.390721369,10.18246787,4113036.342,4465382.895,1,3277449.492,148218,1.647841905,0.747423452,6511359.627,7240225.999,1,3186649.441,27805,1.650783253,0.752372439,6553509.211,7237076.568,1,1777499.559,28359,2.700763028,5.487944247,5084614.54,5345523.182,1,1537979.22,26414,3.050111286,7.583406144,4674888.054,4883599.269,1,4329655.831,78378,1.157259808,-0.683249189,7318312.494,8449607.078,1,3751370.186,60662,1.384073796,-0.087082189,6974136.563,7866827.591,1,1455518.593,10923,3.05939227,7.619621606,4696450.457,4878661.681,1,2
2109392.424,363129,2.66547401,5.369784071,4990505.907,5378899.928,1,2071292.017,62781,2.417717487,3.985290726,5435404.453,5773485.328,1,1151382.407,9322,3.528581845,10.81714357,4243245.201,4361839.015,1,1429368.051,8532,3.06037746,7.623387274,4702710.587,4876857.711,1,576588.4576,6003,5.286454827,26.85686903,3055208.267,3083592.607,1,1997558.271,9383,2.420612497,3.993680253,5460562.137,5770839.843,1,2852696.085,12433,1.808114357,1.312677772,6333192.671,6896911.281,1,293482.3898,5571,7.680692037,58.99526544,2179251.658,2180544.85,1,2
2730750.78,80491,1.959692384,1.940417246,6021412.709,6565049.767,1,3448499.407,27970,1.512171003,0.296083164,6784180.529,7558913.088,1,1715287.763,10001,2.704858625,5.50178133,5104308.754,5343649.248,1,1711401.254,9388,2.704883087,5.501851032,5103593.533,5341731.205,1,293448.1356,7998,7.681019284,58.99868248,2180929.856,2182189.03,1,1999261.78,15689,2.420609434,3.993666034,5458217.081,5769248.647,1,2848988.492,11720,1.808134717,1.312716707,6335601.172,6897553.286,1,8046.084746,6933,0.897274456,-0.002905625,6630.320321,10390.16473,1,2
2577845.305,160299,2.158493825,2.800879617,5684495.711,6197668.239,1,4588772.559,73813,1.055999482,-0.916492145,7485284.941,8725633.036,1,1433017.593,8391,3.060292939,7.623074535,4704621.11,4879739.319,1,580974.9153,8440,5.286114397,26.85446693,3055629.351,3084825.852,1,580995.5593,8033,5.285909572,26.85300101,3054334.946,3083569.328,1,302978.5254,13231,7.677825398,58.9650988,2177732.798,2180351.905,1,2283539.339,11864,2.184741302,2.869283368,5780607.197,6169571.171,1,7675.864407,5223,1.205281498,0.580259099,7314.539346,10560.04538,1,2
2196586.254,169562,2.408984874,3.959756174,5397007.701,5784374.953,1,4859901.356,30685,0.960080428,-1.117142036,7636499.414,8997019.263,1,2564166.746,9308,1.983533306,2.001139285,6071149.25,6542864.662,1,581703.7627,10979,5.286392389,26.85644018,3055914.875,3085241.217,1,863266.5085,9944,4.196451457,16.1571921,3710918.637,3779251.357,1,1146718.271,11276,3.528755656,10.81792814,4244332.442,4361650.212,1,1430419.932,11576,3.060390278,7.623437685,4702909.574,4877354.73,1,289909.3898,5917,7.681077616,58.99929024,2179742.116,2180548.796,1,2
2723918.458,95573,1.976024399,1.984511482,6012573.907,6554238.87,1,1462226.61,24470,3.059620798,7.620513078,4695100.45,4879390.158,1,1434439.61,9996,3.060301597,7.623099976,4701200.134,4876915.181,1,294525.7288,8682,7.680952505,58.99798679,2180034.005,2181454.103,1,861697.7966,9157,4.196463944,16.15725124,3708295.992,3776361.566,1,1714943.61,14449,2.704878628,5.501836417,5101446.623,5340851.21,1,2850121.559,15762,1.808131218,1.312707674,6332943.826,6895622.139,1,6071.20339,4844,1.896112275,4.679794106,5158.946186,7938.711439,1,2
2513146.948,106653.5,2.140786918,2.703100226,5758961.4,6237765.839,1,2934093.672,22149,1.780343843,1.211103702,6364416.624,6958184.303,1,1746397.224,9784.5,2.673805677,5.332214037,5144161.86,5390366.983,1,879732.7241,9295,4.156287438,15.81992424,3740811.712,3811342.509,1,896250.9828,13349,4.149987132,15.78450081,3736781.556,3811305.76,1,884862.931,15140.5,4.155991997,15.81830998,3737974.131,3809793.786,1,1172456.259,13123.5,3.492900705,10.56408377,4276669.512,4398773.995,1,299751.6724,6818,7.613976122,57.98129696,2198226.765,2199713.201,1,2
2850882.526,158737,1.91654349,1.752674629,6083679.406,6670035.066,1,5618229.93,65762,0.726169532,-1.527274901,7947146.15,9675413.15,1,1187727.088,8772,3.456911359,10.31119585,4315283.8,4439107.328,1,303741.1754,7591,7.549705058,56.99867449,2217731.308,2219077.36,1,597363.8947,9274,5.190927601,25.85229195,3107920.985,3137922.449,1,892577.1228,10563,4.116002082,15.48403078,3770453.822,3842343.918,1,892404.3684,9005,4.11600162,15.48402904,3771010.465,3842840.444,1,5426.666667,3971,1.157301772,0.504594496,4698.598314,7151.09953,1,2
981890.0678,139998,5.0251702,24.96165301,3031677.107,3162181.748,1,2971144.203,44400,1.80176916,1.300204389,6288801.807,6906982.23,1,892297.0508,12762,4.19425076,16.14508615,3703051.504,3778408.088,1,1769983.068,14588,2.69946278,5.483551198,5091326.058,5349307.611,1,683572.5424,13516,5.221561982,26.37514757,3052575.304,3102829.603,1,2088029.441,27794,2.410379675,3.962387445,5432820.779,5777122.566,1,2347702.339,22784,2.181644461,2.861459751,5757788.265,6172676.205,1,923984.8814,11627,4.178094971,16.05277223,3702522.995,3785508.439,1,2
2161244.678,771437,2.948401622,7.189473617,4529037.461,4983522.329,1,2152632.153,97644,2.410633496,3.964355456,5409926.725,5779712.475,1,4276858.814,20815,1.158445946,-0.682244898,7349525.012,8449350.387,1,2003763.864,10793,2.420524438,3.993428271,5459587.823,5772084.871,1,1440748.203,11327,3.059646298,7.620564613,4699925.764,4877567.285,1,3997130.475,19383,1.267332354,-0.408590846,7179146.343,8163555.139,1,3432400.678,22148,1.512424578,0.29643423,6793104.245,7559464.241,1,3131877.441,10404,1.652528214,0.755309184,6577038.463,7234149.182,1,2
1377399.678,759374,4.793731688,23.32569385,2997053.254,3275258.04,1,2488716.712,190306,2.174912335,2.844448725,5708439.302,6182853.736,1,2294457,19941,2.184638072,2.869032159,5776861.545,6170172.844,1,3703078.661,14513,1.384929127,-0.086047952,7002388.586,7868618.819,1,2565671.051,12258,1.983541063,2.001155658,6069967.551,6542376.545,1,5975794.22,21825,0.6176007,-1.676592562,8083425.032,9997219.081,1,6262709.237,30722,0.539556012,-1.770070118,8163035.774,10233634.28,1,3417014.847,11214,1.512490004,0.296525232,6798847.21,7557569.103,1,2
1329460.695,668572,4.922477843,24.23232514,2983834.227,3243428.681,1,3817219.797,136420,1.382931719,-0.088475693,6939030.33,7867986.07,1,4281926.339,25657,1.158368832,-0.682305257,7348750.106,8451254.172,1,3705213.492,12910,1.384894467,-0.086092392,6995659.779,7863738.541,1,867462.5254,11450,4.196096286,16.1552291,3709215.871,3778568.827,1,4841759.458,18417,0.960170096,-1.117100743,7647597.94,8996505.151,1,3429708.678,23097,1.512445216,0.296466571,6790902.907,7556297.417,1,1147424.576,8360,3.528633129,10.81737485,4244863.405,4362343.864,1,2
797845.6441,662540,0.828909111,0.348330433,633377.729,1015345.051,1,3836097.186,135502,1.381918644,-0.089738596,6932733.954,7871709.978,1,3434996.153,19774,1.51230392,0.296265256,6791675.167,7559380.867,1,2004736.322,14572,2.420561357,3.993530687,5457389.678,5770378.799,1,1997912.983,10755,2.420612049,3.993675751,5460963.263,5771335.755,1,2578386.593,19789,1.983490824,2.001053715,6067710.113,6545316.241,1,3718204.898,22931,1.384867585,-0.086120988,6992119.151,7866774.332,1,293923.2203,8639,7.68098029,58.99827605,2178820.553,2180180.691,1,2
611900.1186,441131,1.436333588,1.730351813,599792.4604,853273.2717,1,4076388.559,104590,1.266425709,-0.409484481,7137807.017,8167111.018,1,1162496.983,14707,3.528093751,10.81492906,4243593.552,4365118.976,1,2286596.085,13546,2.184709902,2.869212465,5780571.234,6170670.097,1,1996614.186,7975,2.420616457,3.993696409,5463068.87,5772845.067,1,2860980.949,19811,1.808053296,1.312566325,6330840.417,6898219.925,1,4560955.949,26145,1.056394375,-0.916238954,7505345.592,8727988.443,1,861120.7797,6831,4.196461589,16.15725655,3711969.388,3779776.205,1,2
2318936.864,886718,2.930524697,7.122026916,4487973.023,5017766.622,1,2521643.627,255526,2.172585753,2.838365906,5695899.626,6184826.04,1,2310714.136,16095,2.184187314,2.867913634,5772095.657,6171854.8,1,2855489.136,14382,1.808089854,1.312635046,6333715.414,6898538.815,1,2284306.525,9963,2.184713635,2.869218817,5780489.339,6169746.619,1,2587328.78,19228,1.983308476,2.000659539,6065619.153,6546939.528,1,4286615.119,30485,1.158418075,-0.682266595,7345710.702,8451033.528,1,1714684.746,8896,2.70484903,5.501740001,5102420.389,5341682.469,1,2
1187762.254,533524,5.01376978,24.89098253,2991029.822,3194590.279,1,2418171.102,108878,2.176286077,2.847310096,5734466.73,6178535.618,1,3424640.627,19477,1.512447689,0.296466221,6795809.264,7558334.728,1,1999950.254,13589,2.420595431,3.993628747,5459662.705,5770831.737,1,1431391.678,11392,3.060378504,7.623396132,4702364.684,4877123.346,1,2294438.644,19316,2.184684707,2.869148668,5777425.511,6170685.089,1,3435987.508,18835,1.512334477,0.296310075,6790320.315,7558634.863,1,862041.7458,8031,4.19645766,16.15721907,3710341.716,3778414.854,1,2
1224974.746,818732,6.538802877,47.16390557,2168685.285,2474680.547,1,2466392.373,142342,2.175189084,2.844700175,5716849.822,6181547.113,1,2015403.915,17658,2.420375467,3.993007304,5456604.284,5773363.855,1,3422615.593,14983,1.51242525,0.296434022,6796157.07,7557724.868,1,1716673,10751,2.704836252,5.501696698,5102382.319,5342285.289,1,3422322.339,15733,1.512469861,0.296497418,6797110.07,7558434.54,1,3430494.373,17604,1.512368017,0.296358448,6792974.118,7558483.901,1,1430272.966,5987,3.060363454,7.623342331,4704663.814,4878974.499,1,2
2061174.407,519630,2.952623822,7.197964642,4558319.51,4967347.633,1,3519473.847,147530,1.510961915,0.294378451,6747887.525,7559690.452,1,3138790.254,13352,1.65247605,0.755224188,6573233.037,7233745.097,1,1151648.254,11204,3.528564329,10.81706879,4244121.741,4362747.445,1,1712475.237,7557,2.704876089,5.501832112,5105230.841,5343613.117,1,4273136.576,17043,1.15846949,-0.682225462,7352238.273,8449787.6,1,3711518.186,22751,1.384892711,-0.086090128,6994907.167,7866053.208,1,1714705.475,10603,2.70486381,5.501789495,5104332.914,5343485.052,1,2
2148830.712,653918,2.926580962,7.098941104,4541632.131,4989418.349,1,1888052.593,124613,2.688381893,5.445348246,5056880.697,5357551.729,1,2015177.661,14636,2.420231775,3.992592498,5456215.291,5772923.453,1,3420170.136,12627,1.512471134,0.296501716,6797760.42,7558035.315,1,861458.5763,9505,4.196465071,16.15725696,3709102.1,3777085.165,1,4273661.644,14443,1.158451677,-0.682240128,7351022.126,8449012.953,1,2860608.271,16529,1.808073213,1.312601401,6333974.359,6900892.978,1,1429273.831,8537,3.060382294,7.623406341,4702195.056,4876341.399,1,2
1069869.119,587153,6.601576792,47.70631605,2183727.531,2415048.864,1,1536689.288,89095,3.056079537,7.606782992,4673252.758,4881654.211,1,3710146.254,17756,1.384860343,-0.086129681,6994988.23,7865476.839,1,2567258.288,11870,1.98353036,2.001139994,6072348.446,6545170.557,1,296979.2373,8337,7.680602254,58.99432899,2182183.298,2183897.9,1,3710292.763,17790,1.384901081,-0.086083456,6998259.952,7868406.389,1,2866831.593,24401,1.808062151,1.312583801,6332255.697,6901924.92,1,861822.6949,7258,4.196462301,16.15724892,3709855.227,3777895.253,1,2
1707285.678,749189,3.922608821,14.62361429,3587548.951,3945527.552,1,1604517.356,109555,3.045062324,7.563780635,4658571.796,4889676.03,1,3163237.831,14206,1.651580913,0.753730071,6565543.235,7237528.259,1,3143811.237,16165,1.652352052,0.755021291,6571645.722,7234507.692,1,2029734.881,11089,2.41177318,3.966002043,5452983.977,5775021.585,1,4563855.898,24248,1.056364133,-0.916260535,7503121.903,8727624.835,1,4568725.39,24837,1.056352129,-0.916267408,7503596.056,8730572.785,1,1715957.119,9203,2.704841789,5.50171807,5102882.182,5342524.639,1,2
2645214.695,681866,2.355317518,3.80350554,5260982.191,5848587.597,1,2956026.797,107393,1.806228539,1.309105454,6291279.77,6902712.851,1,2576753.492,16412,1.983380486,2.000809963,6066939.672,6543970.908,1,2001696.119,9047,2.420541748,3.993478969,5461301.085,5772960.653,1,2282310.932,10023,2.184747325,2.869299423,5781593.723,6170025.348,1,5410278.458,17170,0.78174767,-1.438809408,7888025.35,9509861.442,1,3996766.644,20593,1.267453256,-0.408468015,7177989.191,8162376.632,1,1145168.203,8769,3.528763291,10.81797506,4247641.757,4364409.043,1,2
1933028.847,558632,2.986912221,7.336122373,4582829.21,4937909.731,1,3766873.102,100712,1.384204535,-0.086906516,6964980.076,7866260.927,1,2002060.102,10436,2.42055311,3.993512998,5460461.463,5772306.062,1,1998383.831,9432,2.42060262,3.993652835,5460207.852,5770796.123,1,1714748.729,11044,2.70485876,5.501770111,5102521.254,5341797.722,1,2853295.763,16375,1.808129335,1.312708251,6335413.711,6899164.264,1,2571498.322,17572,1.983522579,2.001119766,6070348.063,6545010.908,1,858962.1695,6555,4.196473888,16.15730636,3709342.194,3776748.392,1,2
1346053.441,249330,4.002266411,15.05757296,3652298.02,3863295.379,1,2917509.593,60385,1.806692439,1.309981331,6308157.732,6901468.036,1,2002620.915,11405,2.420564393,3.993545399,5459564.364,5771666.384,1,579640,10369,5.286514707,26.85733178,3057659.567,3086551.822,1,579523.5254,9277,5.286483175,26.85707356,3054867.587,3083811.009,1,2568973.78,21260,1.98353273,2.001139954,6069040.179,6542826.807,1,4840709.102,19062,0.960178754,-1.117100387,7648519.114,8996709.757,1,1427529.288,6816,3.060398435,7.623469909,4703909.963,4877456.184,1,2
965729.2034,460098,6.298277618,44.26536466,2238734.314,2420664.42,1,3851753.034,199771,1.382151273,-0.08935324,6922093.601,7870149.692,1,2303969.797,20226,2.184430686,2.868516341,5775211.266,6172198.62,1,2010715.203,14280,2.420333774,3.992892543,5456860.012,5771966.429,1,2007968.051,11377,2.420249041,3.992640287,5457928.964,5772003.651,1,4562431.949,20679,1.05631557,-0.916291562,7504856.022,8728346.028,1,3143438.576,16392,1.652466462,0.755210976,6572744.644,7235327.109,1,1429365.119,9763,3.060368578,7.623353509,4702090.022,4876268.592,1,2
909939.6429,405167,6.726276423,48.30177807,2235573.164,2395105.702,1,1653295.446,113354.5,2.947754505,6.965667705,4777885.352,5015369.184,1,1220076.161,12730.5,3.420186399,10.05665029,4349199.531,4479547.405,1,3006043.161,10846,1.725030553,1.010610981,6470905.663,7082456.51,1,3897933.036,10869,1.30405581,-0.311876556,7136631.116,8075635.857,1,4506364.036,19614.5,1.077456584,-0.871458813,7477206.248,8672805.89,1,3012967.071,17420,1.725009807,1.010575882,6466652.674,7081583.48,1,1205147.125,6066.5,3.420492048,10.05797938,4351261.953,4477472.759,1,2
2025277.39,600602,2.979456019,7.309692644,4558431.19,4952661.101,1,2967223.61,114034,1.805274332,1.30723819,6289534.807,6905952.886,1,2004335,9771,2.420552054,3.993505265,5461681.719,5774230.107,1,3134092.814,12824,1.652524006,0.755307524,6577404.275,7235435.463,1,3133276.034,11974,1.652519304,0.755292382,6574933.228,7232873.432,1,3991742.847,23870,1.267507054,-0.408413938,7181673.128,8163103.768,1,5126735.407,21163,0.868861309,-1.289956744,7771586.499,9255122.109,1,578599.678,9647,5.28652149,26.85738081,3057415.228,3086118.66,1,2
1207341.763,179289,4.072754084,15.45531931,3665760.564,3829845.338,1,1214699.678,39302,3.523672169,10.79472807,4230663.182,4366994.581,1,3701355.136,9119,1.384919553,-0.086060453,7000869.064,7866478.423,1,2850479.542,11835,1.80812405,1.312698234,6337535.943,6899916.199,1,1432839.864,11497,3.060354659,7.623300647,4700875.219,4876136.961,1,3707450.593,24407,1.384914244,-0.086069209,6995531.776,7864680.933,1,3146875.475,23575,1.652450111,0.755184129,6572373.422,7236489.514,1,579025.2034,9771,5.286490362,26.85713881,3058496.03,3087251.048,1,2
1057082.136,355072,5.067445268,25.28583226,3007802.144,3164010.041,1,3484579.983,82799,1.511763391,0.295505092,6766993.981,7560315.211,1,1154493.644,16411,3.528626343,10.81734884,4243003.569,4362430.277,1,1431177.373,9243,3.060328901,7.623204987,4701964.205,4876680.867,1,864169.3898,9089,4.196443453,16.15714449,3711399.882,3779922.209,1,3424518.034,17120,1.512463924,0.296490853,6795683.812,7558168.298,1,3709098.61,16267,1.384900103,-0.086080348,6998038.438,7867649.674,1,859270.9831,6746,4.196470555,16.157288,3709331.749,3776808.553,1,2
1889761.102,116045,2.689975279,5.451406332,5053532.773,5355048.065,1,3453179.017,28130,1.511822976,0.29558153,6780580.022,7557873.512,1,861546.8136,5696,4.19627397,16.15620755,3708649.272,3776668.153,1,1430740.763,7658,3.060346917,7.623276112,4702352.913,4876921.191,1,1430023.322,9578,3.060394292,7.623460355,4703331.475,4877638.355,1,2566362.983,10763,1.98353944,2.001152591,6070198.423,6542858.488,1,1716201.831,15183,2.704874837,5.501825689,5103125.138,5342831.365,1,859021.2881,4650,4.196466247,16.15726388,3709569.169,3776980.983,1,2
1927528.424,89237,2.682896193,5.427984589,5043179.57,5358912.857,1,3734064.525,47558,1.384662649,-0.086361936,6982807.47,7866155.614,1,2565170.814,9596,1.983531424,2.001141934,6073790.46,6545667.41,1,1149247.034,8711,3.528618872,10.81731452,4244310.363,4362294.611,1,871513.2034,9560,4.195033303,16.14930261,3708874.015,3779171.004,1,2003849.678,16492,2.420556368,3.99351955,5459912.003,5772416.092,1,2005537.61,15565,2.420299564,3.992773858,5456904.452,5770206.125,1,9070.20339,4984,6.598358713,47.52624534,19106.55732,21003.37248,1,2
1214979.339,193784,4.082178682,15.50805439,3660282.045,3827108.619,1,1520460.746,30105,3.05112797,7.586839093,4680629.748,4883520.113,1,1441517.949,11836,3.060050318,7.622148605,4700020.969,4877884.889,1,1165050.288,16283,3.527716316,10.81322934,4242680.933,4364927.621,1,1487403.525,15751,3.052458927,7.592276095,4690795.115,4882928.054,1,605488.9831,16317,5.282676812,26.8301087,3053190.061,3087164.876,1,2020446.186,18463,2.419976929,3.991861394,5452031.998,5770879.311,1,869751.339,7071,4.195930081,16.15433336,3710911.517,3780731.04,1,2
2060458.915,210909,2.647165456,5.297924633,5018188.741,5385247.619,1,3492240.831,80306,1.510087817,0.292986421,6761075.712,7558644.633,1,3143002.814,24174,1.652487927,0.755244741,6573164.957,7235513.162,1,3149333.661,20195,1.652405951,0.755114198,6572725.114,7237872.783,1,2000117.407,13744,2.420614041,3.993679398,5459006.207,5770279.107,1,1153638.119,14120,3.528653657,10.81748432,4245347.978,4364445.685,1,295613.9322,8004,7.680875828,58.9971854,2181002.356,2182552.549,1,5806.79661,4785,1.778439259,3.886828414,4624.168938,7398.60815,1,3
3078827.39,160318,1.796075234,1.288989198,6242916.45,6913219.766,1,4012414.678,29626,1.26732318,-0.408595442,7169621.127,8162823.865,1,1715103.407,11126,2.704881554,5.501852017,5106507.958,5345655.24,1,1714093.763,9593,2.704880272,5.501854233,5105237.053,5344137.861,1,3416145.068,14252,1.512491356,0.29652588,6796435.29,7555042.848,1,4840173.797,21544,0.960182237,-1.117099187,7646356.78,8994614.62,1,1433557.22,14288,3.060397333,7.623472838,4703025.243,4878385.37,1,292247.8983,6766,7.681026454,58.99875706,2178845.247,2179979.726,1,3
2255769.814,126567,2.388646225,3.897417454,5390324.067,5801001.923,1,3462988.966,37587,1.51131434,0.294806089,6777154.895,7559341.862,1,2002030.949,14019,2.420582907,3.993598252,5460139.047,5771996.123,1,2008791.424,16102,2.420495357,3.993342778,5458003.994,5772359.881,1,1148669.763,13053,3.528735841,10.81783755,4243010.589,4360899.349,1,3137464.576,16822,1.652518168,0.755295685,6574060.954,7233909.608,1,863155.0339,10864,4.196469389,16.15730092,3710726.576,3779040.502,1,5894.745763,5011,1.427944515,2.285316984,4461.374029,7369.839368,1,3
1164302.254,760176,6.753270941,49.40883332,2155236.157,2433498.118,1,3019281.237,223288,1.804551666,1.305991241,6261614.589,6903574.232,1,4280488.864,21137,1.15841898,-0.682265903,7349399.31,8451080.949,1,1449073.627,16894,3.059607957,7.620431123,4699126.242,4879275.995,1,3990095.847,17595,1.267494749,-0.40842706,7182161.109,8162720.594,1,2855876.678,14925,1.808067991,1.312594431,6333666.824,6898655.384,1,1998492.78,9598,2.420595679,3.993639244,5463482.564,5773879.89,1,858662,3422,4.196470514,16.15728686,3715740.99,3782858.595,1,3
2003247.407,184039,2.663968647,5.357933389,5031597.123,5375952.809,1,5444403.068,84568,0.781448901,-1.438849513,7863036.601,9508993.02,1,3137863.797,14334,1.652506723,0.755278947,6576160.176,7235958.182,1,3427101.814,22026,1.512462285,0.296488403,6792924.618,7556901.017,1,1432609.61,9426,3.060353818,7.623304164,4704163.939,4879186.221,1,297301.8475,12534,7.681027237,58.99876545,2181375.734,2183148.559,1,11003.42373,10083,0.910041366,-0.058730676,8200.518977,13681.52184,1,4586.271186,4347,0.938621162,1.103163889,3113.596899,5528.4768,1,3
2366144.203,15157,2.173498711,2.839077744,5758342.398,6180221.433,1,2017012.559,23593,2.420351146,3.992931538,5452721.811,5770318.851,1,4557896.746,19209,1.056403513,-0.916234055,7506047.96,8726984.053,1,5148622.847,72192,0.868826747,-1.289965331,7761063.676,9258591.118,1,294236.2203,9671,7.681033058,58.99882599,2180189.999,2181568.287,1,9133.288136,8294,1.569867821,4.385387819,5241.530101,10508.32694,1,5370.254237,4276,2.086703862,4.590345707,4137.200289,6757.658461,1,287392.0678,2326,7.681131159,58.99984803,2183801.52,2184205.338,1,3
324826.0508,11688,7.666749449,58.84892316,2177352.47,2183122.104,1,2003212.186,16286,2.420594415,3.993631259,5459363.649,5771684.93,1,2283759.373,12436,2.184753088,2.869315465,5782830.675,6171700.63,1,3729661.492,50976,1.384825392,-0.086172687,6985915.911,7866779.907,1,9087.237288,7962,1.428640149,2.502157337,5656.668809,10678.6444,1,8282.271186,7328,1.177626887,1.886102696,4742.797341,9524.121284,1,4549.898305,4102,0.555964013,-0.243981854,2432.119749,5149.419707,1,2389.135593,2075,1.90549988,4.835575021,1766.819766,2962.551537,1,3
3236574.746,423273,1.782793238,1.262144495,6181256.596,6930783.297,1,5177460.085,84002,0.868432329,-1.290078867,7738550.594,9256146.899,1,4282806.712,26680,1.158429356,-0.682256509,7347133.776,8450318.719,1,5140946.983,69743,0.868826662,-1.289965569,7761805.06,9254936.062,1,1718861.915,17635,2.704877838,5.501834957,5102259.562,5342873.828,1,2283884.169,15552,2.184751816,2.869308073,5778805.944,6168039.794,1,1430012.373,10227,3.060398069,7.623476484,4703645.093,4877932.431,1,7802.627119,4530,1.809493922,3.161846411,7729.682611,10936.92394,1,3
2638500.678,276777,2.153973011,2.78930664,5661853.059,6202816.62,1,3766151.203,91579,1.384137276,-0.086989653,6967799.497,7868369.556,1,3139266.966,17622,1.652503932,0.755269373,6574240.987,7234852.337,1,4570675.644,26800,1.056361328,-0.916262051,7500865.12,8729286.546,1,2285763.712,15566,2.184729195,2.869254116,5779193.936,6169093.3,1,1433807.695,14882,3.060381661,7.623411159,4703541.81,4878948.532,1,576502.6441,8481,5.286555815,26.8575808,3055761.526,3084115.442,1,288869.5932,4432,7.681125583,58.99978996,2183608.873,2184210.908,1,3
2787105.492,154807,1.965826195,1.960061422,5992908.817,6563092.643,1,4586318.525,66654,1.056284707,-0.916307097,7490448.462,8728698.228,1,2294393.763,20436,2.184616257,2.868977435,5776124.653,6169471.106,1,5141275.288,68082,0.868840061,-1.289961026,7764641.949,9257457.397,1,2850805.271,17040,1.808128661,1.312703511,6333116.784,6896060.907,1,1148613.78,12789,3.528741969,10.81786915,4245196.894,4362975.796,1,1995884.085,9210,2.420617007,3.993689158,5462346.483,5771920.533,1,289850.6102,4020,7.681073213,58.9992443,2179428.489,2180232.784,1,3
3354196.356,97086,1.637680624,0.729311034,6484684.752,7251830.004,1,5991226.763,70510,0.617574635,-1.676585463,8075227.598,9999942.824,1,3142207.169,16444,1.652488565,0.755247239,6573031.87,7235048.721,1,4010136.593,44929,1.267454972,-0.408465505,7171819.759,8163603.035,1,3135277.288,17721,1.652528321,0.755308966,6574849.891,7233666.136,1,1148258.373,13072,3.528757819,10.81793993,4244525.513,4362240.049,1,859784.9153,6290,4.196466466,16.15726594,3709035.389,3776639.39,1,5073.288136,3998,1.005057712,0.398441349,3868.451259,6359.994105,1,3
1303329.086,803666,5.420179609,30.95315043,2768097.045,3023591.135,1,2507281.914,113093,2.128661623,2.691365271,5906569.384,6338551.649,1,4319085.943,12150,1.161705204,-0.6934785,7425731.411,8498265.665,1,2406578.114,10877,2.133774079,2.704481874,5946834.155,6336089.55,1,2882005.171,12534,1.822675477,1.398876114,6399731.714,6934863.532,1,488568.3429,9781,5.916023111,34.99954005,2832451.728,2834124.107,1,10887,9872,0.454689303,-1.225999021,9197.239503,14166.8327,1,482864.6857,1827,5.916066347,34.99989097,2835251.298,2835865.391,1,3
610701.8136,11088,5.265489873,26.70368633,3054951.146,3089903.138,1,4563298.949,20443,1.056344725,-0.916272879,7502502.669,8726810.264,1,3424974.085,22674,1.512475457,0.296505363,6794529.221,7557354.468,1,6002996.949,86759,0.617546177,-1.676583086,8065710.874,9999451.256,1,579420.7797,12071,5.286552141,26.85755762,3054734.15,3083661.757,1,293706.5763,9274,7.681089875,58.99941795,2179610.391,2180927.474,1,573239.4407,5074,5.286572713,26.85769958,3055199.121,3082959.235,1,3113.525424,2671,1.640966364,4.188494647,1926.547925,3652.768706,1,3
884062.0169,12280,4.193264974,16.13947927,3706894.164,3780176.001,1,1154488.898,15579,3.52866185,10.81750137,4241272.408,4360773.814,1,3421843.102,17619,1.512478183,0.296508295,6795244.754,7556568.56,1,5995671.661,78866,0.617567193,-1.676586047,8074737.742,10002217.75,1,579223.6441,9711,5.286551632,26.85756374,3055566.459,3084435.262,1,10347.08475,9465,0.587743794,-0.03207552,4976.511153,11463.33586,1,5700.745763,4878,0.748221036,0.02794757,2923.581711,6395.386014,1,2692.745763,2346,0.715333818,-0.177252157,1360.430885,3011.691039,1,3
1743511.593,15540,2.703502975,5.497267043,5093970.032,5343085.042,1,2576940.39,19892,1.98348572,2.001044164,6067927.941,6544945.203,1,3703811.915,16539,1.384929398,-0.086048189,6999609.85,7866533.217,1,5155132.356,84166,0.868768241,-1.289980844,7756953.277,9258827.018,1,578060.4746,9204,5.286558303,26.85761444,3056384.551,3085013.801,1,9666.694915,8196,1.117735876,1.351365606,5197.198348,10954.36214,1,5286.186441,4767,0.821961041,0.588903001,3183.663686,6156.922103,1,2515.067797,2377,0.639271241,-0.133613719,1349.261814,2848.722066,1,3
67672.05085,8931,6.291747268,43.45365555,249674.1702,256632.2956,1,2294673.966,16659,2.184318889,2.86822054,5775672.575,6169159.246,1,3419432.237,15713,1.512489596,0.296525148,6796584.776,7556661.94,1,5992739.492,61587,0.617570478,-1.676587549,8076203.767,10001624.08,1,11641.81356,10284,1.154422313,1.10977095,6643.522636,13376.10338,1,576304.2542,8460,5.286576654,26.85772737,3055207.518,3083538.749,1,6829.762712,6379,2.325235012,7.279627054,4761.46299,8302.585458,1,3821.220339,3047,2.628606221,8.324868501,3002.919161,4844.21397,1,3
591912.3729,7777,5.28238409,26.82777022,3055411.308,3086692.252,1,1726038.254,18093,2.704647057,5.501073103,5099422.536,5342524.742,1,4559429.763,22964,1.056401502,-0.916235456,7505236.218,8727098.539,1,4595254.542,86104,1.056325818,-0.916283586,7483555.688,8727585.943,1,295612.1186,10189,7.680894592,58.99737932,2178955.038,2180541.133,1,9837.101695,8892,1.614640785,3.439707812,4932.337642,10985.63545,1,5232.949153,4468,2.137826783,6.709676632,2847.427638,5945.938101,1,2975.59322,2329,3.196453703,13.95998359,2269.531131,3730.633372,1,3
922735,8708.5,4.166770753,16.23499976,3782881.446,3845133.016,1,2661536.053,13347.5,1.95428614,1.917676061,6184136.81,6657395.368,1,899366.8947,15859,4.173408644,16.27251551,3788656.688,3845132.714,1,3135348.184,72307.5,1.696812602,0.925366302,6564227.328,7196218.832,1,10931.23684,8709.5,1.196342791,1.492219679,6448.479919,12648.34161,1,9409.289474,8387.5,0.405959546,-0.22133378,4522.503193,10413.91021,1,5963.763158,5267.5,2.220965067,8.129282857,3979.643434,7140.536039,1,3155.815789,2463,1.129848694,0.657820545,2006.491665,3725.484465,1,3
1205720.373,12589,3.513148143,10.74421993,4235879.755,4369476.599,1,3706598.763,20364,1.384925362,-0.086055185,6996126.642,7864799.601,1,4556560.576,21472,1.056414308,-0.916227889,7505860.101,8726127.427,1,4576187.525,49479,1.056357175,-0.916264162,7496111.152,8728159.788,1,864096.2542,12058,4.196474802,16.15731149,3707808.46,3776439.012,1,298144.1356,12433,7.681035489,58.99885121,2181666.695,2183549.204,1,8030.186441,7089,1.26237278,2.088594283,4047.520627,8977.118096,1,5044.084746,4476,2.463920833,9.963526885,3404.708106,6069.460684,1,3
2043113.203,13305,2.416807433,3.982437013,5447522.678,5774672.307,1,3990875.373,20433,1.267512387,-0.408412167,7180424.608,8161599.779,1,3704078.136,16334,1.384924491,-0.086054938,6999650.798,7866694.383,1,6000719.831,88479,0.617537821,-1.676579889,8067284.892,9999332.716,1,578625.0847,9794,5.286548625,26.85755071,3055970.362,3084716.271,1,11679.89831,10663,0.615304424,-0.228891087,4621.410625,12546.5322,1,6604.338983,5694,0.996716485,0.243364097,3868.238852,7637.208288,1,3288.542373,2787,1.341525422,2.382215316,1942.292197,3810.914491,1,3
5474227.424,92796,0.780572017,-1.438990158,7844884.766,9511377.106,1,5130646.186,27279,0.868871518,-1.289952927,7769279.053,9255384.794,1,4560394.78,23349,1.056394124,-0.916241527,7505839.557,8728112.795,1,5729189.339,93811,0.698106611,-1.566841889,7968915.92,9759656.698,1,10729.50847,9865,0.742336228,1.075571814,6089.897718,12311.80797,1,9673,8862,1.617564046,5.105482585,4769.546313,10767.0763,1,5402.542373,4675,2.336936106,8.734850504,3172.189771,6251.375553,1,2830.864407,2392,1.385143696,2.490839058,1752.855616,3321.77961,1,3
6864917.407,139339,0.389117041,-1.914143947,8264163.196,10689523.77,1,5134428.949,29553,0.868867256,-1.28995304,7770946.113,9258857.674,1,3992805.034,23935,1.2675061,-0.408418455,7179976.397,8162155.926,1,3185271.542,73861,1.652183096,0.754750643,6555095.314,7237882.051,1,295430.1356,10389,7.681024687,58.99873879,2179912.929,2181457.454,1,8948.644068,8406,0.907917757,2.126926429,4061.568513,9813.000075,1,5109.864407,4929,0.889951571,1.869786501,2261.267881,5580.087816,1,2741.762712,2411,0.552785669,-0.214841807,1430.730972,3086.9984,1,3
1465570.407,213762,3.462902387,10.51027863,4182091.413,4397879.763,1,3745086.712,66058,1.384647246,-0.086380612,6976521.739,7865912.748,1,2006462.712,17071,2.420495659,3.993343102,5456933.006,5770554.27,1,3994660.983,23900,1.267501491,-0.408422972,7177926.495,8161291.58,1,2003206.119,17871,2.420602683,3.993647231,5457913.579,5770334.49,1,4559915.678,24765,1.056402444,-0.916238238,7502747.076,8725248.209,1,865927.2203,14064,4.19646784,16.15727201,3710073.568,3779044.422,1,9241.847458,7294,0.970284761,0.171162412,6867.779689,11479.49092,1,3
3857555.271,127775,1.375684135,-0.098993677,6925014.472,7875515.698,1,4570664.203,28445,1.056336552,-0.916278328,7498262.629,8727082.304,1,3421731.983,16640,1.512460064,0.296482805,6795939.183,7557132.134,1,3718685.288,27362,1.384822746,-0.086174254,6991187.852,7866187.71,1,578037.2542,9618,5.286542319,26.85748589,3054667.408,3083337.091,1,293360.9661,9378,7.681061443,58.99912177,2178855.283,2180139.083,1,7067.423729,6065,2.194850198,7.13294241,5461.116566,8903.189556,1,3637.135593,2845,3.527808652,17.90393769,3386.404652,4949.961957,1,3
4771851.864,315499,1.048180638,-0.922174364,7385382.286,8740135.544,1,4310407.746,84323,1.158210845,-0.682431081,7330382.733,8450051.57,1,2567553.407,10070,1.983510675,2.001091995,6071707.17,6544701.467,1,1717308,13448,2.704856761,5.501768726,5103368.464,5343415.243,1,581177.0508,13014,5.286527195,26.85739037,3054949.793,3084202.22,1,3137116.576,21373,1.652527037,0.755306657,6572711.532,7232553.132,1,296597.9492,12454,7.680997178,58.99845237,2178260.964,2179993.229,1,6858.508475,5844,1.865903949,4.816742467,5232.939094,8599.922114,1,3
5514067.271,279124,0.780179188,-1.439061873,7820617.143,9514743.581,1,3145421.576,23947,1.652490324,0.755246997,6572532.099,7235999.072,1,864223.0508,12954,4.196465002,16.15726021,3709534.324,3778133.814,1,1432624.305,12724,3.06039653,7.623467859,4705025.262,4880006.893,1,864441.3559,11899,4.196465507,16.15725909,3707508.77,3776228.741,1,3139624.136,22474,1.652529568,0.755313328,6572768.775,7233692.269,1,582959.3559,14986,5.28654026,26.8574918,3056218.54,3085773.857,1,7731.288136,6755,1.660399504,3.969158809,4643.059452,8998.079098,1,3
7138801.966,65962,0.316310947,-1.967172517,8322046.243,10910779.49,1,4563085.288,24609,1.056385347,-0.916246009,7502484.016,8726682.777,1,2852656.559,13480,1.808117231,1.312683923,6335612.086,6899079.018,1,5156799.356,84209,0.868827836,-1.289965349,7753707.866,9257082.826,1,10457.10169,8882,1.204920074,1.073825412,6480.617868,12273.44884,1,9285.576271,8233,1.140451589,1.608291082,4582.847813,10337.71959,1,5229.474576,4370,3.22220603,17.09529461,3429.997217,6238.018956,1,2661.135593,2025,6.055730321,41.92457784,3567.37706,4426.299106,1,3
4021770,50273,1.267125789,-0.408794951,7164765.164,8163236.39,1,3426651.22,23552,1.512462937,0.296486012,6791613.716,7555538.271,1,2857401.831,17999,1.808096014,1.312645657,6332803.198,6898507.522,1,5155239.898,77517,0.868812441,-1.289968756,7757253.765,9259134.375,1,578034.5085,11025,5.286558923,26.85760265,3054611.476,3083282.104,1,293247.7288,8730,7.681119714,58.99972883,2183023.373,2184218.979,1,5542.389831,5431,0.723064984,0.74098779,2965.221641,6273.882237,1,3159.067797,2687,1.551994489,3.208720246,2254.836945,3870.119455,1,3
4104743.02,220231,1.283217581,-0.364488444,7091084.255,8133046.21,1,3979083.137,31859,1.286096306,-0.361512668,7159635.952,8129476.241,1,2315819.333,20160,2.172676343,2.830085536,5818602.445,6209292.055,1,2670045.922,53508,1.944560361,1.852816635,6138736.268,6638849.645,1,12322.21569,11438,0.649094333,-0.195511943,6507.870903,13905.35667,1,12827.5098,11052,0.987819315,0.349776804,6654.09502,14420.60374,1,7180.470588,6011,1.288972715,0.958976085,4943.359733,8690.040867,1,3788.647059,2853,4.863247014,29.28562041,4311.787805,5707.961205,1,3
4342015.254,42213,1.155959334,-0.684380217,7313728.238,8452046.883,1,3427564.576,20159,1.512458775,0.296481833,6792042.917,7556331.795,1,4557462.254,18891,1.056406166,-0.9162337,7507804.579,8728242.475,1,6836761.966,47536,0.389483438,-1.914364333,8293005.543,10693437.01,1,861534.1186,9563,4.196474329,16.15731414,3709132.742,3777131.976,1,9118.762712,7621,1.742731103,3.880395994,5705.61746,10730.98971,1,5629.440678,4415,2.206469127,6.907546501,3808.190666,6778.430241,1,2844.779661,2203,3.302022716,12.968104,2598.758258,3838.209081,1,3
4610766.898,55859,1.055137884,-0.917069014,7472172.431,8726179.237,1,3149954.458,19615,1.652362376,0.755038243,6569472.633,7235239.646,1,2002146,15873,2.420613713,3.993682639,5462152.793,5773908.716,1,4859293.475,61720,0.960093371,-1.117134692,7634073.542,8994666.805,1,9831.101695,7695,1.113935623,1.008202651,6634.51529,11828.83368,1,7819.830508,7347,0.466661976,-0.014776806,4024.749147,8779.168653,1,4319.322034,4106,1.621629073,3.706493046,2763.30215,5114.974155,1,2493.779661,1931,3.011797805,12.12440083,2026.48642,3202.495904,1,3
5472133.593,92547,0.780211922,-1.439108623,7848605.104,9513189.273,1,3720722.932,29912,1.384862962,-0.086125058,6989716.846,7865866.165,1,4273915.797,21276,1.158473404,-0.682224385,7350263.077,8448492.315,1,5144523.559,71360,0.868849973,-1.289958753,7761457.469,9256636.754,1,294100.3559,9050,7.681063916,58.99914745,2179202.513,2180579.827,1,293135.2881,8515,7.681080037,58.99931535,2178875.262,2180128.355,1,5372.016949,4566,1.459156241,2.870005332,3385.019358,6334.249184,1,3051.338983,2364,2.223513276,5.616959042,2516.726867,3941.729219,1,3
4678250,139699,1.053040041,-0.91862767,7436846.589,8732428.572,1,5427453.898,48077,0.781603084,-1.43882881,7874526.489,9508650.659,1,2285798.966,14505,2.184737854,2.86928253,5780805.878,6170590.858,1,2862705.271,22981,1.808073545,1.312605124,6332191.671,6900154.242,1,577988.2881,9608,5.28655,26.85754126,3055403.553,3084044.857,1,8003.440678,7456,2.023217104,6.939240279,4965.549295,9396.479802,1,5346.237288,4651,2.010713593,6.263218765,3787.219767,6533.160372,1,2888.186441,2164,4.255732191,22.68556881,3163.205333,4263.55461,1,3
2228397.254,183916,2.408692701,3.958669161,5385166.715,5785693.485,1,5706053.068,68330,0.698148996,-1.566842501,7983309.12,9757665.805,1,3705691.661,16943,1.384921098,-0.086058838,6998993.004,7866878.938,1,4567411.119,28305,1.05636246,-0.916261244,7499802.449,8726679.867,1,10525.18644,9755,0.889457468,0.540960544,7152.464826,12691.34438,1,291853.322,6884,7.681079929,58.99931435,2179326.998,2180400.216,1,6144.762712,4744,1.798922822,3.457039599,4984.792464,7885.753579,1,287602.5932,2985,7.681131667,58.99985332,2183774.785,2184206.771,1,3
1935919.725,160367,2.745756851,5.849885207,4955178.261,5274479.11,1,3343825.451,31998,1.577112076,0.506718775,6690146.792,7420351.989,1,1982670.49,13402,2.445978471,4.143927965,5446667.461,5745909.743,1,1987791.471,13187,2.445938267,4.143816189,5446728.628,5747735.614,1,2640152.588,13584,1.944719411,1.853144688,6146555.042,6633985.042,1,3298348.255,17937,1.577765515,0.507712117,6713990.251,7421111.138,1,1324837.314,12169,3.231926278,8.788746108,4545123.345,4691298.161,1,6676.901961,5171,0.838757388,-0.251636262,5221.300326,8444.432978,1,3
1311470.776,61926,3.470207867,10.46032862,4247667.55,4410391.653,1,3492290.672,24655.5,1.48579632,0.213840515,6838087.241,7625571.065,1,2614355.897,17915.5,1.955692795,1.888724045,6113506.172,6600410.491,1,591982.2759,12530,5.238937661,26.35486895,3082247.616,3112377.863,1,592525.9138,14806.5,5.238953297,26.35492585,3081064.458,3111329.854,1,2327445.155,19749.5,2.156154586,2.742446972,5821956.597,6223164.784,1,11539.12069,10028,0.908366401,0.347256329,7498.67211,13726.32163,1,6815.896552,6093.5,1.319262298,2.03718719,4440.091111,8113.627504,1,3
2238557.881,79237,2.381980816,3.875378489,5399142.899,5802396.49,1,4090348.492,28239,1.253773788,-0.42701982,7138137.763,8174371.606,1,1746153.407,7699,2.699117844,5.48185274,5097818.608,5347554.195,1,320647.0508,9070,7.645321963,58.61552441,2178518.334,2183647.628,1,894570.2373,8559,4.18286951,16.0791783,3707992.974,3783705.897,1,620481.4576,9796,5.25938585,26.65975079,3052345.814,3089320.328,1,605700.5763,5266,5.262682161,26.68204138,3058507.387,3092376.162,1,313499.1525,2838,7.646433804,58.62911401,2182516.062,2186532.16,1,3
1799249.898,19270,2.694768606,5.467458381,5079229.262,5347766.468,1,2585060.22,21025,1.983215547,2.000450759,6064193.93,6544745.116,1,1149628.576,12681,3.528721812,10.81778864,4245951.949,4363965.245,1,1714585.508,9989,2.704877868,5.501840347,5106496.159,5345478.019,1,295422.7458,11284,7.681044165,58.99894191,2179756.25,2181302.539,1,865898.4407,15811,4.1964655,16.15726002,3708249.693,3777277.609,1,10159.98305,9323,0.302285221,-0.449380618,5735.238869,11643.05426,1,5325.050847,4826,1.554228376,3.659806383,3933.764826,6600.635763,1,3
1131894.576,698211,6.293801595,44.42168973,2212835.987,2468771.858,1,4141384.559,217964,1.264339768,-0.411609266,7100719.346,8168029.223,1,3427636.542,19205,1.512440706,0.296458636,6795546.374,7559460.314,1,1714295.746,10101,2.704875753,5.501832353,5104953.643,5343936.502,1,577592.9492,8438,5.286527957,26.85738807,3055187.564,3083760.428,1,579004.0339,10269,5.286535926,26.85746641,3056758.812,3085555.225,1,8605.728814,6841,0.934381095,0.102787346,6884.787348,10984.3284,1,294123.7458,8280,7.680966948,58.99813732,2178843.949,2180230.719,1,3
2366081.356,30040,2.179688454,2.856318091,5755487.395,6177582.431,1,1728588.932,18794,2.704700782,5.501253904,5099253.502,5343190.766,1,1147243.729,9945,3.528732878,10.8178337,4244610.822,4362054.682,1,861389.7288,7040,4.19646191,16.15724911,3711979.064,3779846.828,1,1429507.051,9685,3.060397766,7.623469735,4703355.407,4877509.706,1,2000912.475,17003,2.420610866,3.993668921,5457447.053,5769104.793,1,579115.7288,11481,5.286543907,26.85749807,3054589.806,3083463.884,1,5132.084746,4307,3.05035247,14.25071766,4497.738379,6798.902039,1,3
1939648.254,143155,2.690728214,5.454960518,5038653.715,5359100.763,1,5442268.678,75299,0.781233495,-1.438894415,7865715.307,9509949.025,1,297651.0847,8426,7.679982154,58.98783901,2179259.761,2181117.79,1,1148052.78,11652,3.528727461,10.81780033,4244521.363,4362181.966,1,301301.8305,18760,7.680868372,58.99710926,2178144.957,2180524.276,1,6262549.508,29012,0.539548447,-1.770067942,8158306.157,10229828.18,1,2853181.034,18263,1.808128254,1.312703424,6332872.339,6896822.725,1,293436.9661,8953,7.68105362,58.99904025,2179754.696,2181032.957,1,4
676391.0169,350426,1.615494916,2.238444019,757364.4973,1010635.315,1,2683233.763,91252,1.981298302,1.996305291,6024878.414,6548561.929,1,2007882.119,12506,2.420438865,3.993182511,5456557.436,5770698.854,1,1148450.983,13556,3.528739854,10.81785733,4244999.877,4362744.489,1,2849769.576,12403,1.808132452,1.312713206,6333782.146,6896233.553,1,5696526.915,24655,0.698168192,-1.566845295,7989190.622,9756831.93,1,2575459.492,19121,1.983494248,2.001060555,6067865.548,6544305.401,1,293722.8983,7775,7.680987055,58.99834664,2179090.54,2180418.942,1,4
1740062.593,594230,3.380936433,10.13023586,4139626.392,4458012.475,1,4355565.339,149803,1.157591551,-0.68292888,7306503.945,8452876.363,1,1440541.949,13570,3.060164116,7.622578818,4698886.133,4876521.573,1,2000101.119,11330,2.420596502,3.993629631,5459015.823,5770282.404,1,2851305.373,13793,1.808128626,1.312705301,6334772.547,6897762.477,1,4275705.966,22183,1.158468289,-0.682228937,7351628.937,8450566.138,1,2287072.017,14934,2.184726708,2.869248395,5779895.248,6170223.979,1,576946.7288,9333,5.286527131,26.85737899,3054597.12,3083064.376,1,4
1337737.271,31354,3.472250377,10.54973258,4215536.881,4388518.318,1,2314284.254,23054,2.183932451,2.867261477,5771919.753,6173030.637,1,2570860.153,12344,1.983459563,2.000985005,6069914.315,6544364.715,1,2013837.983,12124,2.420282345,3.992742022,5455580.012,5771865.65,1,1999592.61,13827,2.420614055,3.993679063,5458824.65,5769928.364,1,4556081.797,19226,1.056410008,-0.916234059,7506881.43,8726741.087,1,1148651.627,13357,3.528754475,10.81793071,4244846.365,4362650.476,1,576266.0678,6754,5.286544456,26.85751665,3057651.959,3085912.582,1,4
2089552.627,426109,2.915762769,7.051287527,4565402.791,4985565.493,1,3229177.356,85620,1.649974089,0.751047649,6534279.129,7238833.849,1,876568.1525,12929,4.195131038,16.14989206,3708020.775,3779517.007,1,2566337.339,11754,1.983531201,2.001137354,6070975.876,6543557.502,1,1145771.898,11022,3.528761175,10.81794942,4244799.935,4361848.733,1,5415523.458,26900,0.781739035,-1.438810537,7884166.409,9509701.026,1,2288236.729,16455,2.18472454,2.869247247,5780496.771,6171209.674,1,576448.9322,6750,5.286547435,26.85755986,3056954.672,3085267.555,1,4
2529636.458,141425,2.160940662,2.8064895,5701273.971,6192952.555,1,3450333.746,30906,1.512193641,0.296110877,6781331.049,7557236.425,1,865107.5593,9906,4.196381447,16.15679855,3710621.265,3779385.306,1,1146402.949,11812,3.528756237,10.81792862,4244298,4361534.373,1,866265.6271,11973,4.19637156,16.15674787,3708858.075,3777948.93,1,5694326.237,29274,0.698180872,-1.56684477,7988660.743,9755120.649,1,2851397.847,14384,1.808136521,1.312723759,6336377.664,6899249.851,1,8449.610169,7535,0.385877562,-0.977480027,4653.623171,9627.30836,1,4
1558976.271,282492,3.428457638,10.34253402,4168657.726,4417417.44,1,4043903.898,64320,1.266814675,-0.409099202,7154529.67,8165345.814,1,1716869.644,11652,2.704848543,5.501749288,5105497.484,5345273.384,1,1431485.237,12329,3.060380211,7.623398305,4701976.994,4876783.347,1,1714309.169,13347,2.704880726,5.501842182,5102867.944,5341982.195,1,4845650.475,29090,0.960168019,-1.117104205,7642703.822,8994511.361,1,1716654.39,14982,2.704880045,5.501847532,5104701.537,5344456.889,1,293396.7119,8103,7.681004188,58.99852508,2178791.155,2180080.889,1,4
1808514.085,407925,3.014862757,7.445594886,4609021.137,4914646.163,1,3766522.966,99374,1.384440362,-0.086626027,6964795.7,7865932.778,1,3140313.305,20715,1.652500153,0.75526403,6573091.108,7234279.322,1,3134985.763,14206,1.652521889,0.755300091,6576147.912,7234699.632,1,2851426.542,12452,1.808126471,1.312701243,6334670.796,6897720.704,1,3705932.458,20587,1.384919817,-0.086060339,6996072.72,7864438.445,1,864828.9831,11988,4.196460596,16.15723424,3708964.432,3777722.424,1,7886.389831,4959,1.721763635,2.389074231,7504.441255,10842.38276,1,4
1747706.085,193976,3.011359251,7.430154735,4628821.752,4910938.3,1,4888065.288,81230,0.95977665,-1.117277996,7619341.248,8997975.944,1,2853954.271,12496,1.808097435,1.312651391,6337081.518,6900942.173,1,585890.2203,13497,5.285966583,26.85342538,3055470.485,3085600.694,1,3420659.695,19577,1.512483715,0.296515169,6797072.263,7557648.445,1,4273315.373,25697,1.158480178,-0.682219599,7349369.915,8447424.685,1,1715834.61,13422,2.704873781,5.501819802,5101903.27,5341566.14,1,291348.5254,5651,7.681063941,58.99914776,2180026.227,2181019.767,1,4
1163024.209,515891,5.739083848,35.52680817,2544489.216,2770646.612,1,3203742.372,85802,1.671219722,0.831675788,6560424.297,7232027.467,1,2361317.512,12100,2.156272528,2.777167639,5867050.27,6260797.166,1,3130975.628,13570,1.672437141,0.833723826,6591565.9,7227815.269,1,3125883.93,9416,1.67245995,0.833758414,6591836.701,7225852.377,1,2352443.279,11899,2.156515166,2.777765949,5869621.787,6259810.644,1,2736084.977,8136,1.893524391,1.660555973,6256665.345,6761778.861,1,1955912.977,5476,2.481483394,4.358500241,5438899.483,5720076.777,1,4
1213380.407,787164,6.626490597,47.95486482,2161357.757,2462637.195,1,4306029.729,68986,1.15814088,-0.682488897,7333065.653,8450107.85,1,2565837.542,7587,1.983496151,2.001061798,6071318.172,6543673.705,1,1712499.983,9143,2.704873768,5.501819308,5103015.916,5341540.847,1,578718.7797,7448,5.286375648,26.85631117,3055063.842,3083851.006,1,862359.3729,7037,4.196349627,16.15662767,3709144.903,3777332.034,1,289645.9153,2868,7.681028848,58.99878185,2181726.796,2182464.148,1,571259.2881,1467,5.286578417,26.85773972,3061697.812,3088923.667,1,4
3320204.226,147492,1.634094769,0.702235464,6543724.94,7282593.036,1,2569649.547,18888,2.006693997,2.106113262,6041338.319,6512467.3,1,645600.7547,8542,4.993941202,23.8391477,3221322.389,3255445.801,1,1276349.34,9494,3.308638496,9.296815621,4465685.799,4603818.692,1,1907493.132,10460,2.513196755,4.484068074,5353274.592,5635190.364,1,4439769.774,24847,1.101312563,-0.819498228,7448526.767,8610766.736,1,959416.7358,12172,3.950209379,14.13659441,3906571.954,3986707.384,1,7624.018868,6550,1.463701394,2.369397825,6079.802203,9715.566101,1,4
1438972.271,134572,3.466236541,10.52795901,4190322.015,4396798.043,1,2336810.932,31227,2.182992112,2.864881877,5762307.305,6172688.88,1,2570241.424,12707,1.983491571,2.00105381,6070157.306,6544343.244,1,2283112.102,11291,2.184752569,2.869313557,5782591.594,6171240.917,1,2283760.136,14198,2.184751698,2.869312152,5780528.461,6169580.377,1,7966181.661,75924,0.10449392,-2.060110918,8426623.714,11544024.96,1,3704761.932,19966,1.384928253,-0.086054376,6996671.163,7864410.313,1,293222.3898,8598,7.681063469,58.99914281,2181672.576,2182888.407,1,4
1009631.373,164229,5.009013393,24.84043756,3029558.924,3168914.579,1,3186520.932,63254,1.651713776,0.753977255,6553068.108,7236627.314,1,2000779.034,12486,2.420594506,3.993629033,5462388.858,5773654.404,1,1999332.22,12406,2.42061186,3.993676477,5462208.619,5772985.545,1,2282675.356,14146,2.184750116,2.869303986,5779606.109,6168329.325,1,7117956.492,69474,0.316790081,-1.967518814,8335784.364,10907469.4,1,3421212.593,21998,1.512483735,0.296515639,6795455.5,7556469.377,1,293846.8644,8686,7.681029855,58.99879277,2180518.112,2181838.164,1,4
710872.4545,103412,6.69654361,47.58853402,2279665.057,2368063.307,1,1594334.6,29204,2.923271432,6.79897608,4839966.71,5053836.803,1,2754221.564,9350,1.869745909,1.551218839,6249422.68,6777235.733,1,623773.8727,10829,5.093172867,24.84448562,3163884.294,3196444.07,1,1233891.745,17338,3.383625738,9.804405518,4386261.825,4517961.522,1,7329927.491,71453,0.26387376,-2.004643533,8372294.54,11070171.3,1,2757968.109,21351,1.869829439,1.551389687,6249349.273,6778692.724,1,925381.6727,11388,4.033983952,14.81069355,3838244.89,3914153.584,1,4
1562939.368,281547,3.380947075,9.964251108,4241555.248,4485302.942,1,5643603.982,121369,0.725961607,-1.527277066,7930644.487,9676877.838,1,1187060.386,10063,3.456959718,10.31141836,4317083.039,4440647.453,1,2066800.474,11720,2.361032291,3.703257574,5543278.132,5870307.498,1,2070000.281,13085,2.361009754,3.703198396,5542717.975,5870915.271,1,7659010.614,69258,0.180904075,-2.040138227,8411358.622,11321225.76,1,2659164.684,18976,1.927480823,1.776312112,6159602.891,6659297.12,1,9785.807018,6686,0.94752773,-0.076990271,8232.286372,12741.41284,1,4
2273508.153,231546,2.396496105,3.922315047,5372411.023,5791583.507,1,2046713.203,32050,2.419182791,3.989576006,5444538.04,5773179.866,1,1430445.678,10006,3.060381093,7.623410052,4703064.998,4877509.606,1,1431759.254,11197,3.060368613,7.623359995,4702550.571,4877407.424,1,1716949.051,16554,2.704877949,5.501841717,5104095.081,5343982.124,1,6548034.729,30060,0.463641001,-1.848897411,8231831.956,10463808.57,1,1436921.729,18383,3.060360732,7.623328206,4702027.711,4878429.947,1,8983.237288,7752,0.62385403,-0.293339078,6206.367935,10888.74146,1,4
1727892.508,146841,2.999761865,7.379049813,4640812.73,4915050.254,1,3738002.915,30612,1.384608705,-0.086427949,6983545.857,7868670.144,1,1147433.576,8876,3.528661222,10.81751551,4245837.691,4363278.218,1,1430797.508,12068,3.060380546,7.623400916,4702247.061,4876837.506,1,1149084.373,15595,3.52876009,10.81795234,4246907.131,4364735.551,1,5411160.627,27600,0.781756124,-1.438809341,7883956.725,9507046.247,1,1718384.966,16664,2.704878294,5.50184128,5103631.107,5344008.04,1,292523.8475,5501,7.681006677,58.99855095,2179248.603,2180413.043,1,4
2104662.593,47511,2.413642012,3.973439327,5425829.915,5776699.586,1,4284713.847,24047,1.158384645,-0.682293457,7343252.22,8447968.441,1,1144808.949,8410,3.528759804,10.81794503,4245379.559,4362150.428,1,1144617.797,7349,3.528761445,10.81795833,4245832.632,4362533.743,1,2282380.712,12017,2.184753919,2.869314676,5779700.511,6168307.249,1,4271548.661,22420,1.158480694,-0.682220754,7347875.7,8445253.037,1,583138.1186,15059,5.286480391,26.85705019,3053779.098,3083432.566,1,7283.338983,6108,1.104557886,0.657098696,5786.932192,9271.893432,1,4
1868598.22,88007,2.691664553,5.456981061,5059688.605,5353335.613,1,4006955.881,25583,1.267302473,-0.408614982,7174716.464,8164543.329,1,1147708.424,13193,3.528728599,10.81780823,4244139.87,4361726.432,1,1998914.373,12506,2.420599584,3.993642932,5459000.725,5769857.118,1,1431640.051,12245,3.060369255,7.623356758,4700890.226,4875798.758,1,5693518.254,26168,0.698178488,-1.566845691,7990197.458,9755886.247,1,1717062.763,17125,2.704877765,5.501831795,5100996.183,5341109.144,1,292081.8136,7933,7.681053946,58.99904376,2179504.12,2180604.843,1,4
2321815.864,216452,2.368426358,3.830985615,5373503.205,5811709.445,1,4013291.593,35765,1.267373924,-0.408546757,7167813.214,8161694.053,1,4270409.186,16546,1.158484627,-0.682214007,7351460.412,8447743.209,1,2854769.644,19484,1.808118108,1.312684001,6331035.679,6895822.383,1,1718409.254,17906,2.70487586,5.501830275,5102555.598,5343006.14,1,6545156.356,27558,0.463651095,-1.848900548,8232030.689,10462161.3,1,1431500.288,12694,3.060399315,7.623471731,4702436.079,4877222.893,1,7847.677966,6843,1.167314537,2.38928508,5232.486639,9407.49257,1,4
1036279.797,16932,4.116259067,15.69442902,3692741.71,3805140.303,1,2581515.729,19867,1.983418804,2.000894427,6063803.237,6542989.969,1,1147425.305,8860,3.528749857,10.81789905,4247022.745,4364409.666,1,1433539.492,16050,3.060392289,7.623449937,4702259.602,4877654.556,1,1718133.305,18279,2.70487795,5.501833773,5101525.703,5341950.513,1,3991648.508,24715,1.267514889,-0.408409801,7180060.369,8161662.853,1,866890.661,16897,4.196467774,16.15727566,3708213.277,3777470.045,1,7526.966102,6239,1.919873504,4.045819175,5938.344312,9556.226142,1,4
3049780.915,86809,1.793511933,1.2834355,6260174.755,6915686.365,1,4568536.322,29087,1.056335953,-0.91627625,7497847.631,8725617.486,1,1146668.39,9308,3.528747787,10.81789015,4246221.443,4363444.167,1,582387.8814,10984,5.286424534,26.85665943,3057998.614,3087399.167,1,1433651.797,15181,3.06038186,7.623406393,4702519.585,4877933.949,1,4846032.051,27278,0.960169875,-1.117104071,7641103.883,8993380.567,1,2569079.492,16726,1.983542651,2.001159764,6069935.016,6543684.289,1,292773.9153,6796,7.680833196,58.99673776,2178915.928,2180119.75,1,4
1279482.339,208662,4.031406354,15.2146768,3658406.612,3846318.704,1,3756971.186,77699,1.384423127,-0.086650216,6971170.963,7866916.507,1,2850037.593,12734,1.808123651,1.312695902,6333848.97,6896404.644,1,2002929.102,12035,2.420433959,3.993165799,5458194.151,5770499.216,1,2568805.576,17683,1.983541789,2.001160171,6070386.223,6543988.209,1,7684731.864,80344,0.174556865,-2.039859949,8403282.403,11334610.36,1,3137144.407,18606,1.652527552,0.755306638,6574664.041,7234309.552,1,295674.4746,10676,7.680885538,58.99728663,2178952.626,2180547.218,1,4
2148896.593,391179,2.645960095,5.299790323,4985649.375,5390097.983,1,3470513.186,52255,1.511725088,0.295446973,6776191.156,7561942.745,1,2284876.644,11905,2.184721404,2.86923764,5781276.445,6170682.655,1,1431481.322,11872,3.060393556,7.623454476,4704203.55,4878892.601,1,2287679.525,15884,2.18469933,2.869180518,5780178.733,6170710.227,1,7118232.915,70023,0.316793291,-1.967520507,8336105.819,10907891.28,1,3989970.373,25328,1.267517953,-0.408405743,7179459.461,8160322.53,1,1429544.814,10038,3.060396135,7.623460715,4703146.944,4877323.162,1,4
1559426,283155,3.458798651,10.49738526,4160936.887,4410414.701,1,3208877.441,79135,1.651247831,0.753213386,6544076.593,7238507.199,1,1434201.847,13276,3.060353969,7.623308654,4703270.107,4878806.891,1,1996934.441,8524,2.420601118,3.993644732,5460268.192,5770350.5,1,1712884.576,6786,2.704876163,5.501828507,5106351.933,5344797.224,1,4562466.898,21817,1.05637444,-0.916254594,7501565.607,8725583.238,1,3420206.305,14175,1.512474818,0.296502002,6795673.965,7556206.976,1,8545.813559,5312,1.202933214,0.246418958,7916.699424,11603.5678,1,4
1636014.678,381820,3.421497635,10.31951324,4152575.611,4430367.818,1,4635155.661,97038,1.055303729,-0.916925598,7459335.815,8728303.346,1,2284135.322,10610,2.1847199,2.869234879,5780177.683,6169396.189,1,3136978.559,12526,1.652490246,0.755249678,6575005.313,7234542.536,1,2566438.746,11717,1.983531404,2.001141345,6071334.474,6543924.334,1,2013235.39,20176,2.420457383,3.993238669,5456455.973,5772469.394,1,3704589.373,18067,1.384917146,-0.086063273,6998107.779,7865585.507,1,8517.305085,6170,1.205306953,0.816243467,7738.276952,11463.44124,1,4
1032465.678,609008,6.661961754,48.30647852,2185441.888,2400247.867,1,3219985.542,96066,1.651455535,0.753552004,6538977.342,7238909.855,1,4558990.898,22058,1.056394034,-0.916241119,7505081.807,8726738.72,1,2001189.339,13939,2.42059529,3.993628527,5459883.62,5771466.72,1,2003078.136,12963,2.42056663,3.993553413,5460005.869,5772235.586,1,4564227.22,28704,1.056389157,-0.916246082,7501232.368,8726222.206,1,4273068.271,14999,1.158473397,-0.682223683,7354328.091,8451540.679,1,292858.4068,5580,7.680972504,58.99819498,2178985.061,2180199.022,1,4
1069784.797,697505,6.56736078,47.44334202,2188274.899,2419054.512,1,4422522.085,190310,1.15524768,-0.684968014,7267580.068,8454655.879,1,2579701.288,16951,1.983399016,2.000853784,6066740.944,6544951.108,1,2006574.932,16445,2.420537184,3.993467988,5457985.503,5771571.722,1,3135243.39,11225,1.652520099,0.755296226,6576944.201,7235522.807,1,3430580.119,22716,1.512443028,0.296459746,6791964.719,7557631.043,1,3708217.136,19390,1.384905876,-0.086079638,6996011.741,7865461.984,1,1997466.712,7506,2.420588796,3.993607041,5461091.828,5771300.873,1,4
816266.9153,617604,1.234253377,1.019776161,733010.6052,1092926.973,1,2982479.458,125699,1.804485196,1.30571232,6279764.745,6903783.86,1,3147693.898,20013,1.652419001,0.755132417,6570774.299,7235417.806,1,3138725.322,15425,1.65250893,0.755280186,6574877.009,7235185.505,1,2000514.424,10950,2.420590988,3.993617592,5460622.666,5771920.066,1,3997154.407,23559,1.267465648,-0.408457994,7177840.403,8162437.887,1,2006543.898,17643,2.420541212,3.993476514,5456715.413,5770380.222,1,858811.7119,5558,4.196468558,16.15727591,3708828.866,3776218.551,1,4
1017255.949,591938,6.617344928,47.94071568,2187970.023,2396014.042,1,3858681.203,157810,1.379820119,-0.09244374,6923002.074,7874327.913,1,4287020.763,22365,1.158299775,-0.682362937,7344227.112,8449971.66,1,2576114.864,13354,1.983337629,2.00072062,6068429.681,6545077.526,1,1148077.576,7435,3.528681232,10.81760788,4246023.892,4363625.729,1,1728892.322,18021,2.704623945,5.501002009,5097324.248,5341479.024,1,2290019.22,14677,2.18464556,2.869049087,5781049.791,6172380.006,1,1142887.424,6836,3.528749865,10.81790203,4245840.876,4362087.945,1,4
893440.7458,682908,1.298811514,1.46215897,802373.0255,1196297.175,1,2457381.966,160738,2.17748125,2.850669293,5718873.779,6179798.753,1,2865864.119,17051,1.807998792,1.312466747,6332632.104,6901862.626,1,4565288.881,16529,1.056245483,-0.916334142,7501834.314,8727286.2,1,3136711.424,13145,1.652513033,0.755288376,6579206.935,7238180.852,1,2587885.271,24449,1.983392807,2.000840672,6064239.122,6545902.633,1,3147027.339,20731,1.652416419,0.755128514,6572682.522,7236831.529,1,1995486.508,7617,2.420614275,3.993682874,5461364.679,5770869.657,1,4
1075090.864,602820,6.427942281,45.89683056,2202315.621,2433887.381,1,3844467.237,208750,1.381315274,-0.090538694,6930585.159,7873932.953,1,4844177.305,21253,0.960148992,-1.117109522,7644982.843,8995621.728,1,2002971.644,10081,2.420538868,3.993470238,5459071.043,5771329.364,1,1147103.627,9222,3.528718824,10.81776654,4246211.172,4363548.738,1,593990.4746,19153,5.285824775,26.85242469,3051539.937,3083324.816,1,1719061.864,15251,2.704863705,5.501794395,5103932.663,5344508.838,1,1145655.661,8522,3.52866627,10.8175216,4244472.822,4361505.26,1,4
2021909.847,517585,2.978347755,7.29554492,4558166.237,4951045.18,1,3543008.847,133828,1.508600059,0.290780268,6738341.42,7562312.897,1,3146872.915,15510,1.652405244,0.755114439,6573907.209,7237857.847,1,1432832.678,9897,3.060349035,7.623286895,4704446.382,4879519.415,1,1713542.186,8446,2.704867299,5.501798113,5103377.098,5342214.255,1,3141174.339,17489,1.652494054,0.755253053,6572942.235,7234520.161,1,3419897.186,12074,1.51246992,0.296497737,6796784.608,7557049.025,1,1143231.169,5870,3.52875985,10.8179547,4246157.741,4362481.209,1,4
1639284.339,706430,3.966052298,14.86316471,3593281.452,3921744.872,1,2176562.373,94411,2.404446371,3.945033538,5404866.433,5784019.055,1,2580968.729,14357,1.983312445,2.000663792,6066287.21,6545037.356,1,2294187.898,12254,2.184442897,2.868540605,5774679.317,6168064.305,1,1717820,8624,2.704700412,5.50125265,5101874.928,5342177.616,1,3149155.339,21732,1.652419799,0.755135967,6568958.681,7234433.007,1,3424761.458,17337,1.512447991,0.29646548,6795661.108,7558258.527,1,1146192.915,7261,3.528621872,10.8173258,4247850.403,4364877.637,1,4
1197783.508,546206,4.956903117,24.44371902,3001069.616,3207561.848,1,3230037.644,82759,1.648288351,0.7479535,6536958.286,7241595.032,1,1443185.932,10806,3.059708938,7.620818485,4700360.556,4878699.7,1,589030.5085,8783,5.284960905,26.84629618,3053392.394,3084176.004,1,579741.3559,3807,5.28600219,26.85367134,3059306.229,3088174.463,1,1153541.068,4776,3.527951432,10.81427654,4247252.761,4366241.473,1,857777.6102,3002,4.196470251,16.15730234,3711606.727,3778665.767,1,858089.8136,2390,4.196449325,16.15717582,3715240.585,3782245.545,1,4
1067221.136,708590,6.803670452,49.86153626,2163690.633,2396073.805,1,4128016.153,196369,1.264894526,-0.411217571,7109079.386,8168410.72,1,2581711.288,20385,1.983314842,2.000671172,6064032.295,6543275.812,1,3707466.237,16597,1.384871809,-0.086117422,6995146.852,7864351.728,1,1712884.271,7704,2.7048741,5.501824222,5104765.487,5343307.168,1,1146039.305,10203,3.528758297,10.81793769,4245274.105,4362372.602,1,861138.678,6547,4.196456469,16.15721658,3710975.63,3778820.902,1,5562.779661,3692,1.579724065,2.538160334,5405.014227,7724.21781,1,4
1633634.915,467023,3.453414752,10.47124445,4141028.375,4418849.737,1,4638354.831,136937,1.055257747,-0.91697016,7457332.116,8728319.707,1,2575850.831,18759,1.983462088,2.000992956,6068657.543,6545181.299,1,2002368.153,11853,2.420570747,3.993560844,5461048.296,5772958.627,1,2852867.542,13103,1.80812376,1.312700897,6336165.381,6899665.75,1,4840573.746,18581,0.960180218,-1.117099595,7646490.776,8994941.823,1,2566932.712,15609,1.983543259,2.001166491,6070998.65,6543811.796,1,292337.8644,6392,7.681026994,58.99876282,2178874.602,2180020.63,1,4
1686434.356,383909,3.38870759,10.16161787,4150667.466,4447482.497,1,4628965.237,128312,1.055351977,-0.916932898,7465108.558,8729869.712,1,3424849.576,17952,1.512402586,0.296403336,6792944.245,7555897.226,1,2005964.322,11478,2.420503575,3.993366511,5459773.39,5773021.646,1,1715284.593,13510,2.704877828,5.501833364,5102539.026,5341986.45,1,2861453.508,20386,1.808067114,1.312588639,6330972.413,6898535.012,1,1435795.288,13505,3.060303228,7.623109505,4701356.598,4877462.355,1,8425.135593,6016,1.9252051,4.401102215,7757.362062,11407.87589,1,4
1735583.271,232281,3.018881843,7.46002946,4629725.267,4907475.03,1,4319459.576,86392,1.157995684,-0.682605447,7326941.515,8451739.671,1,1430700.356,9077,3.060374167,7.62337694,4701383.922,4875990.873,1,2853268.932,13732,1.808114034,1.312678818,6334920.158,6898707.629,1,2283479,14209,2.184751487,2.869311023,5779734.834,6168745.333,1,3994535.034,23126,1.267496027,-0.408425348,7179205.117,8162335.463,1,2569565.542,16234,1.983521925,2.001115382,6068375.725,6542453.314,1,292510.4068,7498,7.681008276,58.99856762,2178978.084,2180145.448,1,4
